SNP,Chr,Position,Reported gene,RA,Effect Size notes,Effect Size,P-value notes,P-value,file_name
rs13183641,5,"95,147,287",RHOBTB3,T,OR,0.873,p,0.003,ACEL-22-e13938_table_3.csv
rs13183641,5,"95,147,287",RHOBTB3,T,OR,0.873,p_1,0.01,ACEL-22-e13938_table_3.csv
rs4561,5,"95,152,313",RHOBTB3,G,OR,0.886,p,0.008,ACEL-22-e13938_table_3.csv
rs4561,5,"95,152,313",RHOBTB3,G,OR,0.886,p_1,0.011,ACEL-22-e13938_table_3.csv
rs2348974,5,"95,143,394",RHOBTB3,C,OR,1.119,p,0.015,ACEL-22-e13938_table_3.csv
rs2348974,5,"95,143,394",RHOBTB3,C,OR,1.119,p_1,0.014,ACEL-22-e13938_table_3.csv
rs6556881,5,"95,134,419",RHOBTB3,G,OR,0.908,p,0.038,ACEL-22-e13938_table_3.csv
rs6556881,5,"95,134,419",RHOBTB3,G,OR,0.908,p_1,0.034,ACEL-22-e13938_table_3.csv
rs34886287,5,"80,077,309",MSH3,C,OR,1.11,p,0.029,ACEL-22-e13938_table_3.csv
rs34886287,5,"80,077,309",MSH3,C,OR,1.11,p_1,0.007,ACEL-22-e13938_table_3.csv
rs2645429,8,"11,660,051",FDFT1,A,OR,1.111,p,0.048,ACEL-22-e13938_table_3.csv
rs2645429,8,"11,660,051",FDFT1,A,OR,1.111,p_1,0.016,ACEL-22-e13938_table_3.csv
rs2645433,8,"11,657,921",RP11-足 297N6.4,C,OR,0.902,p,0.027,ACEL-22-e13938_table_3.csv
rs2645433,8,"11,657,921",RP11-足 297N6.4,C,OR,0.902,p_1,0.035,ACEL-22-e13938_table_3.csv
rs112267867,9,"118,905,353",PAPPA,A,OR,1.26,p,0.037,ACEL-22-e13938_table_3.csv
rs112267867,9,"118,905,353",PAPPA,A,OR,1.26,p_1,0.044,ACEL-22-e13938_table_3.csv
rs6583817,10,"94,247,247",IDE,T,OR,0.836,p,0.006,ACEL-22-e13938_table_3.csv
rs6583817,10,"94,247,247",IDE,T,OR,0.836,p_1,0.005,ACEL-22-e13938_table_3.csv
rs4752254,10,"120,910,136",SFXN4,C,OR,0.895,p,0.042,ACEL-22-e13938_table_3.csv
rs4752254,10,"120,910,136",SFXN4,C,OR,0.895,p_1,0.036,ACEL-22-e13938_table_3.csv
rs2860173,19,"7,129,086",INSR,A,OR,1.23,p,0.016,ACEL-22-e13938_table_3.csv
rs2860173,19,"7,129,086",INSR,A,OR,1.23,p_1,0.039,ACEL-22-e13938_table_3.csv
rs12979722,19,"7,118,878",INSR,C,OR,1.169,p,0.042,ACEL-22-e13938_table_3.csv
rs12979722,19,"7,118,878",INSR,C,OR,1.169,p_1,0.006,ACEL-22-e13938_table_3.csv
rs78686161,1,"242,065,356",EXO1,A,OR,1.45,p,0.005,ACEL-22-e13938_table_3.csv
rs78686161,1,"242,065,356",EXO1,A,OR,1.45,p_1,0.006,ACEL-22-e13938_table_3.csv
rs670548,6,"53,366,989",GCLC,C,OR,0.859,p,0.009,ACEL-22-e13938_table_3.csv
rs670548,6,"53,366,989",GCLC,C,OR,0.859,p_1,0.015,ACEL-22-e13938_table_3.csv
rs7740677,6,"46,649,231",SLC25A27,C,OR,1.167,p,0.03,ACEL-22-e13938_table_3.csv
rs7740677,6,"46,649,231",SLC25A27,C,OR,1.167,p_1,0.013,ACEL-22-e13938_table_3.csv
rs17069665,6,"108,941,468",FOXO3,G,OR,0.832,p,0.033,ACEL-22-e13938_table_3.csv
rs17069665,6,"108,941,468",FOXO3,G,OR,0.832,p_1,0.031,ACEL-22-e13938_table_3.csv
rs2684794,15,"99,484,953",IGF1R,C,OR,0.848,p,0.038,ACEL-22-e13938_table_3.csv
rs2684794,15,"99,484,953",IGF1R,C,OR,0.848,p_1,0.049,ACEL-22-e13938_table_3.csv
rs7245548,19,"45,981,840",ERCC1,T,OR,1.126,p,0.036,ACEL-22-e13938_table_3.csv
rs7245548,19,"45,981,840",ERCC1,T,OR,1.126,p_1,0.049,ACEL-22-e13938_table_3.csv
rs4803825,19,"45,986,483",RTN2,G,OR,0.889,p,0.042,ACEL-22-e13938_table_3.csv
rs4803825,19,"45,986,483",RTN2,G,OR,0.889,p_1,0.012,ACEL-22-e13938_table_3.csv
rs4328554,19,"7,249,830",INSR,T,OR,1.129,p,0.046,ACEL-22-e13938_table_3.csv
rs4328554,19,"7,249,830",INSR,T,OR,1.129,p_1,0.014,ACEL-22-e13938_table_3.csv
rs17882672,6,"53,408,883",GCLC,T,OR,0.858,p,0.018,ACEL-22-e13938_table_3.csv
rs17882672,6,"53,408,883",GCLC,T,OR,0.858,p_1,0.018,ACEL-22-e13938_table_3.csv
rs7092649,10,"60,005,202",IPMK,A,OR,0.878,p,0.017,ACEL-22-e13938_table_3.csv
rs7092649,10,"60,005,202",IPMK,A,OR,0.878,p_1,0.037,ACEL-22-e13938_table_3.csv
rs17636964,10,"59,953,046",IPMK,C,OR,1.139,p,0.025,ACEL-22-e13938_table_3.csv
rs17636964,10,"59,953,046",IPMK,C,OR,1.139,p_1,0.029,ACEL-22-e13938_table_3.csv
rs1625716,10,"59,960,083",IPMK,G,OR,0.826,p,0.038,ACEL-22-e13938_table_3.csv
rs1625716,10,"59,960,083",IPMK,G,OR,0.826,p_1,0.033,ACEL-22-e13938_table_3.csv
rs7138318,12,"104,736,394",TXNRD1,C,OR,0.861,p,0.002,ACEL-22-e13938_table_3.csv
rs7138318,12,"104,736,394",TXNRD1,C,OR,0.861,p_1,0.024,ACEL-22-e13938_table_3.csv
rs7979495,12,"104,625,779",TXNRD1,G,OR,0.81,p,0.018,ACEL-22-e13938_table_3.csv
rs7979495,12,"104,625,779",TXNRD1,G,OR,0.81,p_1,0.047,ACEL-22-e13938_table_3.csv
rs141516621,19,"7,280,152",INSR,A,OR,1.232,p,0.003,ACEL-22-e13938_table_3.csv
rs141516621,19,"7,280,152",INSR,A,OR,1.232,p_1,0.043,ACEL-22-e13938_table_3.csv
rs7258382,19,"7,262,569",INSR,C,OR,1.141,p,0.048,ACEL-22-e13938_table_3.csv
rs7258382,19,"7,262,569",INSR,C,OR,1.141,p_1,0.027,ACEL-22-e13938_table_3.csv
rs2010704,2,"31,622,465",XDH,A,OR,1.098,p,0.011,ACEL-22-e13938_table_3.csv
rs2010704,2,"31,622,465",XDH,A,OR,1.098,p_1,0.03,ACEL-22-e13938_table_3.csv
rs147249797,2,"31,601,541",XDH,T,OR,1.092,p,0.034,ACEL-22-e13938_table_3.csv
rs147249797,2,"31,601,541",XDH,T,OR,1.092,p_1,0.029,ACEL-22-e13938_table_3.csv
s10759223,9,"110,065,158",RAD23B,C,OR,1.078,p,0.038,ACEL-22-e13938_table_3.csv
s10759223,9,"110,065,158",RAD23B,C,OR,1.078,p_1,0.041,ACEL-22-e13938_table_3.csv
rs2494741,14,"105,249,322",AKT1,T,OR,1.157,p,0.032,ACEL-22-e13938_table_3.csv
rs2494741,14,"105,249,322",AKT1,T,OR,1.157,p_1,0.002,ACEL-22-e13938_table_3.csv
rs13183641,5,"95,147,287",RHOBTB3,T,OR_1,0.909,p,0.003,ACEL-22-e13938_table_3.csv
rs13183641,5,"95,147,287",RHOBTB3,T,OR_1,0.909,p_1,0.01,ACEL-22-e13938_table_3.csv
rs4561,5,"95,152,313",RHOBTB3,G,OR_1,0.91,p,0.008,ACEL-22-e13938_table_3.csv
rs4561,5,"95,152,313",RHOBTB3,G,OR_1,0.91,p_1,0.011,ACEL-22-e13938_table_3.csv
rs2348974,5,"95,143,394",RHOBTB3,C,OR_1,1.093,p,0.015,ACEL-22-e13938_table_3.csv
rs2348974,5,"95,143,394",RHOBTB3,C,OR_1,1.093,p_1,0.014,ACEL-22-e13938_table_3.csv
rs6556881,5,"95,134,419",RHOBTB3,G,OR_1,0.925,p,0.038,ACEL-22-e13938_table_3.csv
rs6556881,5,"95,134,419",RHOBTB3,G,OR_1,0.925,p_1,0.034,ACEL-22-e13938_table_3.csv
rs34886287,5,"80,077,309",MSH3,C,OR_1,1.105,p,0.029,ACEL-22-e13938_table_3.csv
rs34886287,5,"80,077,309",MSH3,C,OR_1,1.105,p_1,0.007,ACEL-22-e13938_table_3.csv
rs2645429,8,"11,660,051",FDFT1,A,OR_1,0.902,p,0.048,ACEL-22-e13938_table_3.csv
rs2645429,8,"11,660,051",FDFT1,A,OR_1,0.902,p_1,0.016,ACEL-22-e13938_table_3.csv
rs2645433,8,"11,657,921",RP11-足 297N6.4,C,OR_1,1.081,p,0.027,ACEL-22-e13938_table_3.csv
rs2645433,8,"11,657,921",RP11-足 297N6.4,C,OR_1,1.081,p_1,0.035,ACEL-22-e13938_table_3.csv
rs112267867,9,"118,905,353",PAPPA,A,OR_1,1.179,p,0.037,ACEL-22-e13938_table_3.csv
rs112267867,9,"118,905,353",PAPPA,A,OR_1,1.179,p_1,0.044,ACEL-22-e13938_table_3.csv
rs6583817,10,"94,247,247",IDE,T,OR_1,0.859,p,0.006,ACEL-22-e13938_table_3.csv
rs6583817,10,"94,247,247",IDE,T,OR_1,0.859,p_1,0.005,ACEL-22-e13938_table_3.csv
rs4752254,10,"120,910,136",SFXN4,C,OR_1,1.094,p,0.042,ACEL-22-e13938_table_3.csv
rs4752254,10,"120,910,136",SFXN4,C,OR_1,1.094,p_1,0.036,ACEL-22-e13938_table_3.csv
rs2860173,19,"7,129,086",INSR,A,OR_1,0.87,p,0.016,ACEL-22-e13938_table_3.csv
rs2860173,19,"7,129,086",INSR,A,OR_1,0.87,p_1,0.039,ACEL-22-e13938_table_3.csv
rs12979722,19,"7,118,878",INSR,C,OR_1,0.846,p,0.042,ACEL-22-e13938_table_3.csv
rs12979722,19,"7,118,878",INSR,C,OR_1,0.846,p_1,0.006,ACEL-22-e13938_table_3.csv
rs78686161,1,"242,065,356",EXO1,A,OR_1,1.303,p,0.005,ACEL-22-e13938_table_3.csv
rs78686161,1,"242,065,356",EXO1,A,OR_1,1.303,p_1,0.006,ACEL-22-e13938_table_3.csv
rs670548,6,"53,366,989",GCLC,C,OR_1,1.123,p,0.009,ACEL-22-e13938_table_3.csv
rs670548,6,"53,366,989",GCLC,C,OR_1,1.123,p_1,0.015,ACEL-22-e13938_table_3.csv
rs7740677,6,"46,649,231",SLC25A27,C,OR_1,1.154,p,0.03,ACEL-22-e13938_table_3.csv
rs7740677,6,"46,649,231",SLC25A27,C,OR_1,1.154,p_1,0.013,ACEL-22-e13938_table_3.csv
rs17069665,6,"108,941,468",FOXO3,G,OR_1,1.169,p,0.033,ACEL-22-e13938_table_3.csv
rs17069665,6,"108,941,468",FOXO3,G,OR_1,1.169,p_1,0.031,ACEL-22-e13938_table_3.csv
rs2684794,15,"99,484,953",IGF1R,C,OR_1,1.135,p,0.038,ACEL-22-e13938_table_3.csv
rs2684794,15,"99,484,953",IGF1R,C,OR_1,1.135,p_1,0.049,ACEL-22-e13938_table_3.csv
rs7245548,19,"45,981,840",ERCC1,T,OR_1,0.912,p,0.036,ACEL-22-e13938_table_3.csv
rs7245548,19,"45,981,840",ERCC1,T,OR_1,0.912,p_1,0.049,ACEL-22-e13938_table_3.csv
rs4803825,19,"45,986,483",RTN2,G,OR_1,1.128,p,0.042,ACEL-22-e13938_table_3.csv
rs4803825,19,"45,986,483",RTN2,G,OR_1,1.128,p_1,0.012,ACEL-22-e13938_table_3.csv
rs4328554,19,"7,249,830",INSR,T,OR_1,1.13,p,0.046,ACEL-22-e13938_table_3.csv
rs4328554,19,"7,249,830",INSR,T,OR_1,1.13,p_1,0.014,ACEL-22-e13938_table_3.csv
rs17882672,6,"53,408,883",GCLC,T,OR_1,1.236,p,0.018,ACEL-22-e13938_table_3.csv
rs17882672,6,"53,408,883",GCLC,T,OR_1,1.236,p_1,0.018,ACEL-22-e13938_table_3.csv
rs7092649,10,"60,005,202",IPMK,A,OR_1,0.866,p,0.017,ACEL-22-e13938_table_3.csv
rs7092649,10,"60,005,202",IPMK,A,OR_1,0.866,p_1,0.037,ACEL-22-e13938_table_3.csv
rs17636964,10,"59,953,046",IPMK,C,OR_1,1.167,p,0.025,ACEL-22-e13938_table_3.csv
rs17636964,10,"59,953,046",IPMK,C,OR_1,1.167,p_1,0.029,ACEL-22-e13938_table_3.csv
rs1625716,10,"59,960,083",IPMK,G,OR_1,0.784,p,0.038,ACEL-22-e13938_table_3.csv
rs1625716,10,"59,960,083",IPMK,G,OR_1,0.784,p_1,0.033,ACEL-22-e13938_table_3.csv
rs7138318,12,"104,736,394",TXNRD1,C,OR_1,1.146,p,0.002,ACEL-22-e13938_table_3.csv
rs7138318,12,"104,736,394",TXNRD1,C,OR_1,1.146,p_1,0.024,ACEL-22-e13938_table_3.csv
rs7979495,12,"104,625,779",TXNRD1,G,OR_1,1.247,p,0.018,ACEL-22-e13938_table_3.csv
rs7979495,12,"104,625,779",TXNRD1,G,OR_1,1.247,p_1,0.047,ACEL-22-e13938_table_3.csv
rs141516621,19,"7,280,152",INSR,A,OR_1,0.844,p,0.003,ACEL-22-e13938_table_3.csv
rs141516621,19,"7,280,152",INSR,A,OR_1,0.844,p_1,0.043,ACEL-22-e13938_table_3.csv
rs7258382,19,"7,262,569",INSR,C,OR_1,0.841,p,0.048,ACEL-22-e13938_table_3.csv
rs7258382,19,"7,262,569",INSR,C,OR_1,0.841,p_1,0.027,ACEL-22-e13938_table_3.csv
rs2010704,2,"31,622,465",XDH,A,OR_1,1.106,p,0.011,ACEL-22-e13938_table_3.csv
rs2010704,2,"31,622,465",XDH,A,OR_1,1.106,p_1,0.03,ACEL-22-e13938_table_3.csv
rs147249797,2,"31,601,541",XDH,T,OR_1,1.123,p,0.034,ACEL-22-e13938_table_3.csv
rs147249797,2,"31,601,541",XDH,T,OR_1,1.123,p_1,0.029,ACEL-22-e13938_table_3.csv
s10759223,9,"110,065,158",RAD23B,C,OR_1,0.909,p,0.038,ACEL-22-e13938_table_3.csv
s10759223,9,"110,065,158",RAD23B,C,OR_1,0.909,p_1,0.041,ACEL-22-e13938_table_3.csv
rs2494741,14,"105,249,322",AKT1,T,OR_1,0.754,p,0.032,ACEL-22-e13938_table_3.csv
rs2494741,14,"105,249,322",AKT1,T,OR_1,0.754,p_1,0.002,ACEL-22-e13938_table_3.csv
