Chr,Position,SNP,RA,Effect Size notes,Effect Size,P-value notes,P-value,file_name
1,207573951,rs1752684,A/G (0.198),Genetic effects.β G (SE),-0.028 (0.007),Genetic effects.P G,1.53 × 10 -4,s13024-023-00633-4_table_2.csv
1,207573951,rs1752684,A/G (0.198),Genetic effects.β G (SE),-0.028 (0.007),Genetic effects.P G × Age,6.05 × 10 -3,s13024-023-00633-4_table_2.csv
1,207573951,rs1752684,A/G (0.198),Genetic effects.β G (SE),-0.028 (0.007),Genetic effects.P Joint,5.05 × 10 -5,s13024-023-00633-4_table_2.csv
1,207573951,rs1752684,A/G (0.198),Genetic effects.β G (SE),-0.042 (0.012),Genetic effects.P G,5.91 × 10 -4,s13024-023-00633-4_table_2.csv
1,207573951,rs1752684,A/G (0.198),Genetic effects.β G (SE),-0.042 (0.012),Genetic effects.P G × Age,7.52 × 10 -2,s13024-023-00633-4_table_2.csv
1,207573951,rs1752684,A/G (0.198),Genetic effects.β G (SE),-0.042 (0.012),Genetic effects.P Joint,6.88 × 10 -4,s13024-023-00633-4_table_2.csv
1,207573951,rs1752684,A/G (0.198),Genetic effects.β G (SE),-0.020 (0.009),Genetic effects.P G,2.98 × 10 -2,s13024-023-00633-4_table_2.csv
1,207573951,rs1752684,A/G (0.198),Genetic effects.β G (SE),-0.020 (0.009),Genetic effects.P G × Age,4.90 × 10 -2,s13024-023-00633-4_table_2.csv
1,207573951,rs1752684,A/G (0.198),Genetic effects.β G (SE),-0.020 (0.009),Genetic effects.P Joint,2.40 × 10 -2,s13024-023-00633-4_table_2.csv
1,207573951,rs1752684,A/G (0.198),Genetic effects.β G (SE),-0.026 (0.007),Genetic effects.P G,3.90 × 10 -4,s13024-023-00633-4_table_2.csv
1,207573951,rs1752684,A/G (0.198),Genetic effects.β G (SE),-0.026 (0.007),Genetic effects.P G × Age,6.84 × 10 -2,s13024-023-00633-4_table_2.csv
1,207573951,rs1752684,A/G (0.198),Genetic effects.β G (SE),-0.026 (0.007),Genetic effects.P Joint,6.25 × 10 -4,s13024-023-00633-4_table_2.csv
1,207573951,rs1752684,A/G (0.198),Genetic effects.β G (SE),-0.054 (0.012),Genetic effects.P G,1.26 × 10 -5,s13024-023-00633-4_table_2.csv
1,207573951,rs1752684,A/G (0.198),Genetic effects.β G (SE),-0.054 (0.012),Genetic effects.P G × Age,5.07 × 10 -2,s13024-023-00633-4_table_2.csv
1,207573951,rs1752684,A/G (0.198),Genetic effects.β G (SE),-0.054 (0.012),Genetic effects.P Joint,1.63 × 10 -5,s13024-023-00633-4_table_2.csv
1,207573951,rs1752684,A/G (0.198),Genetic effects.β G (SE),-0.011 (0.009),Genetic effects.P G,2.14 × 10 -1,s13024-023-00633-4_table_2.csv
1,207573951,rs1752684,A/G (0.198),Genetic effects.β G (SE),-0.011 (0.009),Genetic effects.P G × Age,5.59 × 10 -1,s13024-023-00633-4_table_2.csv
1,207573951,rs1752684,A/G (0.198),Genetic effects.β G (SE),-0.011 (0.009),Genetic effects.P Joint,4.20 × 10 -1,s13024-023-00633-4_table_2.csv
1,207573951,rs1752684,A/G (0.198),Genetic effects.β G (SE),-0.043 (0.008),Genetic effects.P G,1.75 × 10 -7,s13024-023-00633-4_table_2.csv
1,207573951,rs1752684,A/G (0.198),Genetic effects.β G (SE),-0.043 (0.008),Genetic effects.P G × Age,1.83 × 10 -2,s13024-023-00633-4_table_2.csv
1,207573951,rs1752684,A/G (0.198),Genetic effects.β G (SE),-0.043 (0.008),Genetic effects.P Joint,4.42 × 10 -7,s13024-023-00633-4_table_2.csv
1,207573951,rs1752684,A/G (0.198),Genetic effects.β G (SE),-0.080 (0.014),Genetic effects.P G,2.44 × 10 -8,s13024-023-00633-4_table_2.csv
1,207573951,rs1752684,A/G (0.198),Genetic effects.β G (SE),-0.080 (0.014),Genetic effects.P G × Age,1.05 × 10 -2,s13024-023-00633-4_table_2.csv
1,207573951,rs1752684,A/G (0.198),Genetic effects.β G (SE),-0.080 (0.014),Genetic effects.P Joint,8.85 × 10 -9,s13024-023-00633-4_table_2.csv
1,207573951,rs1752684,A/G (0.198),Genetic effects.β G (SE),-0.022 (0.010),Genetic effects.P G,2.46 × 10 -2,s13024-023-00633-4_table_2.csv
1,207573951,rs1752684,A/G (0.198),Genetic effects.β G (SE),-0.022 (0.010),Genetic effects.P G × Age,6.45 × 10 -1,s13024-023-00633-4_table_2.csv
1,207573951,rs1752684,A/G (0.198),Genetic effects.β G (SE),-0.022 (0.010),Genetic effects.P Joint,6.88 × 10 -2,s13024-023-00633-4_table_2.csv
2,127135234,rs6733839,T/C (0.403),Genetic effects.β G (SE),-0.009 (0.006),Genetic effects.P G,1.25 × 10 -1,s13024-023-00633-4_table_2.csv
2,127135234,rs6733839,T/C (0.403),Genetic effects.β G (SE),-0.009 (0.006),Genetic effects.P G × Age,6.54 × 10 -1,s13024-023-00633-4_table_2.csv
2,127135234,rs6733839,T/C (0.403),Genetic effects.β G (SE),-0.009 (0.006),Genetic effects.P Joint,2.92 × 10 -1,s13024-023-00633-4_table_2.csv
2,127135234,rs6733839,T/C (0.403),Genetic effects.β G (SE),-0.023 (0.010),Genetic effects.P G,1.77 × 10 -2,s13024-023-00633-4_table_2.csv
2,127135234,rs6733839,T/C (0.403),Genetic effects.β G (SE),-0.023 (0.010),Genetic effects.P G × Age,6.84 × 10 -1,s13024-023-00633-4_table_2.csv
2,127135234,rs6733839,T/C (0.403),Genetic effects.β G (SE),-0.023 (0.010),Genetic effects.P Joint,5.58 × 10 -2,s13024-023-00633-4_table_2.csv
2,127135234,rs6733839,T/C (0.403),Genetic effects.β G (SE),-0.001 (0.007),Genetic effects.P G,8.70 × 10 -1,s13024-023-00633-4_table_2.csv
2,127135234,rs6733839,T/C (0.403),Genetic effects.β G (SE),-0.001 (0.007),Genetic effects.P G × Age,9.27 × 10 -1,s13024-023-00633-4_table_2.csv
2,127135234,rs6733839,T/C (0.403),Genetic effects.β G (SE),-0.001 (0.007),Genetic effects.P Joint,9.84 × 10 -1,s13024-023-00633-4_table_2.csv
2,127135234,rs6733839,T/C (0.403),Genetic effects.β G (SE),-0.031 (0.006),Genetic effects.P G,6.90 × 10 -8,s13024-023-00633-4_table_2.csv
2,127135234,rs6733839,T/C (0.403),Genetic effects.β G (SE),-0.031 (0.006),Genetic effects.P G × Age,3.62 × 10 -3,s13024-023-00633-4_table_2.csv
2,127135234,rs6733839,T/C (0.403),Genetic effects.β G (SE),-0.031 (0.006),Genetic effects.P Joint,2.70 × 10 -8,s13024-023-00633-4_table_2.csv
2,127135234,rs6733839,T/C (0.403),Genetic effects.β G (SE),-0.063 (0.010),Genetic effects.P G,4.23 × 10 -10,s13024-023-00633-4_table_2.csv
2,127135234,rs6733839,T/C (0.403),Genetic effects.β G (SE),-0.063 (0.010),Genetic effects.P G × Age,2.09 × 10 -1,s13024-023-00633-4_table_2.csv
2,127135234,rs6733839,T/C (0.403),Genetic effects.β G (SE),-0.063 (0.010),Genetic effects.P Joint,1.98 × 10 -9,s13024-023-00633-4_table_2.csv
2,127135234,rs6733839,T/C (0.403),Genetic effects.β G (SE),-0.017 (0.007),Genetic effects.P G,1.68 × 10 -2,s13024-023-00633-4_table_2.csv
2,127135234,rs6733839,T/C (0.403),Genetic effects.β G (SE),-0.017 (0.007),Genetic effects.P G × Age,1.70 × 10 -2,s13024-023-00633-4_table_2.csv
2,127135234,rs6733839,T/C (0.403),Genetic effects.β G (SE),-0.017 (0.007),Genetic effects.P Joint,6.57 × 10 -3,s13024-023-00633-4_table_2.csv
2,127135234,rs6733839,T/C (0.403),Genetic effects.β G (SE),-0.039 (0.006),Genetic effects.P G,2.20 × 10 -9,s13024-023-00633-4_table_2.csv
2,127135234,rs6733839,T/C (0.403),Genetic effects.β G (SE),-0.039 (0.006),Genetic effects.P G × Age,1.62 × 10 -3,s13024-023-00633-4_table_2.csv
2,127135234,rs6733839,T/C (0.403),Genetic effects.β G (SE),-0.039 (0.006),Genetic effects.P Joint,2.37 × 10 -9,s13024-023-00633-4_table_2.csv
2,127135234,rs6733839,T/C (0.403),Genetic effects.β G (SE),-0.068 (0.012),Genetic effects.P G,5.23 × 10 -9,s13024-023-00633-4_table_2.csv
2,127135234,rs6733839,T/C (0.403),Genetic effects.β G (SE),-0.068 (0.012),Genetic effects.P G × Age,2.08 × 10 -1,s13024-023-00633-4_table_2.csv
2,127135234,rs6733839,T/C (0.403),Genetic effects.β G (SE),-0.068 (0.012),Genetic effects.P Joint,1.60 × 10 -8,s13024-023-00633-4_table_2.csv
2,127135234,rs6733839,T/C (0.403),Genetic effects.β G (SE),-0.027 (0.008),Genetic effects.P G,5.71 × 10 -4,s13024-023-00633-4_table_2.csv
2,127135234,rs6733839,T/C (0.403),Genetic effects.β G (SE),-0.027 (0.008),Genetic effects.P G × Age,1.69 × 10 -2,s13024-023-00633-4_table_2.csv
2,127135234,rs6733839,T/C (0.403),Genetic effects.β G (SE),-0.027 (0.008),Genetic effects.P Joint,1.11 × 10 -3,s13024-023-00633-4_table_2.csv
7,91069758,rs705353,G/A (0.252),Genetic effects.β G (SE),0.003 (0.006),Genetic effects.P G,6.40 × 10 -1,s13024-023-00633-4_table_2.csv
7,91069758,rs705353,G/A (0.252),Genetic effects.β G (SE),0.003 (0.006),Genetic effects.P G × Age,1.53 × 10 -3,s13024-023-00633-4_table_2.csv
7,91069758,rs705353,G/A (0.252),Genetic effects.β G (SE),0.003 (0.006),Genetic effects.P Joint,4.58 × 10 -3,s13024-023-00633-4_table_2.csv
7,91069758,rs705353,G/A (0.252),Genetic effects.β G (SE),0.000 (0.011),Genetic effects.P G,9.75 × 10 -1,s13024-023-00633-4_table_2.csv
7,91069758,rs705353,G/A (0.252),Genetic effects.β G (SE),0.000 (0.011),Genetic effects.P G × Age,2.03 × 10 -5,s13024-023-00633-4_table_2.csv
7,91069758,rs705353,G/A (0.252),Genetic effects.β G (SE),0.000 (0.011),Genetic effects.P Joint,1.12 × 10 -4,s13024-023-00633-4_table_2.csv
7,91069758,rs705353,G/A (0.252),Genetic effects.β G (SE),0.006 (0.008),Genetic effects.P G,4.20 × 10 -1,s13024-023-00633-4_table_2.csv
7,91069758,rs705353,G/A (0.252),Genetic effects.β G (SE),0.006 (0.008),Genetic effects.P G × Age,4.11 × 10 -1,s13024-023-00633-4_table_2.csv
7,91069758,rs705353,G/A (0.252),Genetic effects.β G (SE),0.006 (0.008),Genetic effects.P Joint,4.43 × 10 -1,s13024-023-00633-4_table_2.csv
7,91069758,rs705353,G/A (0.252),Genetic effects.β G (SE),0.007 (0.006),Genetic effects.P G,2.68 × 10 -1,s13024-023-00633-4_table_2.csv
7,91069758,rs705353,G/A (0.252),Genetic effects.β G (SE),0.007 (0.006),Genetic effects.P G × Age,5.14 × 10 -4,s13024-023-00633-4_table_2.csv
7,91069758,rs705353,G/A (0.252),Genetic effects.β G (SE),0.007 (0.006),Genetic effects.P Joint,5.93 × 10 -4,s13024-023-00633-4_table_2.csv
7,91069758,rs705353,G/A (0.252),Genetic effects.β G (SE),-0.004 (0.011),Genetic effects.P G,7.53 × 10 -1,s13024-023-00633-4_table_2.csv
7,91069758,rs705353,G/A (0.252),Genetic effects.β G (SE),-0.004 (0.011),Genetic effects.P G × Age,2.54 × 10 -9,s13024-023-00633-4_table_2.csv
7,91069758,rs705353,G/A (0.252),Genetic effects.β G (SE),-0.004 (0.011),Genetic effects.P Joint,1.73 × 10 -8,s13024-023-00633-4_table_2.csv
7,91069758,rs705353,G/A (0.252),Genetic effects.β G (SE),0.015 (0.008),Genetic effects.P G,5.28 × 10 -2,s13024-023-00633-4_table_2.csv
7,91069758,rs705353,G/A (0.252),Genetic effects.β G (SE),0.015 (0.008),Genetic effects.P G × Age,8.28 × 10 -1,s13024-023-00633-4_table_2.csv
7,91069758,rs705353,G/A (0.252),Genetic effects.β G (SE),0.015 (0.008),Genetic effects.P Joint,1.41 × 10 -1,s13024-023-00633-4_table_2.csv
7,91069758,rs705353,G/A (0.252),Genetic effects.β G (SE),-0.003 (0.007),Genetic effects.P G,6.95 × 10 -1,s13024-023-00633-4_table_2.csv
7,91069758,rs705353,G/A (0.252),Genetic effects.β G (SE),-0.003 (0.007),Genetic effects.P G × Age,3.03 × 10 -2,s13024-023-00633-4_table_2.csv
7,91069758,rs705353,G/A (0.252),Genetic effects.β G (SE),-0.003 (0.007),Genetic effects.P Joint,8.72 × 10 -2,s13024-023-00633-4_table_2.csv
7,91069758,rs705353,G/A (0.252),Genetic effects.β G (SE),-0.008 (0.013),Genetic effects.P G,5.46 × 10 -1,s13024-023-00633-4_table_2.csv
7,91069758,rs705353,G/A (0.252),Genetic effects.β G (SE),-0.008 (0.013),Genetic effects.P G × Age,1.36 × 10 -4,s13024-023-00633-4_table_2.csv
7,91069758,rs705353,G/A (0.252),Genetic effects.β G (SE),-0.008 (0.013),Genetic effects.P Joint,6.11 × 10 -4,s13024-023-00633-4_table_2.csv
7,91069758,rs705353,G/A (0.252),Genetic effects.β G (SE),0.005 (0.009),Genetic effects.P G,5.93 × 10 -1,s13024-023-00633-4_table_2.csv
7,91069758,rs705353,G/A (0.252),Genetic effects.β G (SE),0.005 (0.009),Genetic effects.P G × Age,9.19 × 10 -1,s13024-023-00633-4_table_2.csv
7,91069758,rs705353,G/A (0.252),Genetic effects.β G (SE),0.005 (0.009),Genetic effects.P Joint,8.59 × 10 -1,s13024-023-00633-4_table_2.csv
8,30963282,rs117523305,C/G (0.016),Genetic effects.β G (SE),-0.001 (0.022),Genetic effects.P G,9.67 × 10 -1,s13024-023-00633-4_table_2.csv
8,30963282,rs117523305,C/G (0.016),Genetic effects.β G (SE),-0.001 (0.022),Genetic effects.P G × Age,5.35 × 10 -3,s13024-023-00633-4_table_2.csv
8,30963282,rs117523305,C/G (0.016),Genetic effects.β G (SE),-0.001 (0.022),Genetic effects.P Joint,2.02 × 10 -2,s13024-023-00633-4_table_2.csv
8,30963282,rs117523305,C/G (0.016),Genetic effects.β G (SE),-0.012 (0.038),Genetic effects.P G,7.42 × 10 -1,s13024-023-00633-4_table_2.csv
8,30963282,rs117523305,C/G (0.016),Genetic effects.β G (SE),-0.012 (0.038),Genetic effects.P G × Age,5.89 × 10 -1,s13024-023-00633-4_table_2.csv
8,30963282,rs117523305,C/G (0.016),Genetic effects.β G (SE),-0.012 (0.038),Genetic effects.P Joint,8.23 × 10 -1,s13024-023-00633-4_table_2.csv
8,30963282,rs117523305,C/G (0.016),Genetic effects.β G (SE),0.003 (0.026),Genetic effects.P G,9.13 × 10 -1,s13024-023-00633-4_table_2.csv
8,30963282,rs117523305,C/G (0.016),Genetic effects.β G (SE),0.003 (0.026),Genetic effects.P G × Age,2.65 × 10 -3,s13024-023-00633-4_table_2.csv
8,30963282,rs117523305,C/G (0.016),Genetic effects.β G (SE),0.003 (0.026),Genetic effects.P Joint,9.18 × 10 -3,s13024-023-00633-4_table_2.csv
8,30963282,rs117523305,C/G (0.016),Genetic effects.β G (SE),-0.018 (0.021),Genetic effects.P G,4.02 × 10 -1,s13024-023-00633-4_table_2.csv
8,30963282,rs117523305,C/G (0.016),Genetic effects.β G (SE),-0.018 (0.021),Genetic effects.P G × Age,8.23 × 10 -4,s13024-023-00633-4_table_2.csv
8,30963282,rs117523305,C/G (0.016),Genetic effects.β G (SE),-0.018 (0.021),Genetic effects.P Joint,3.01 × 10 -3,s13024-023-00633-4_table_2.csv
8,30963282,rs117523305,C/G (0.016),Genetic effects.β G (SE),0.028 (0.039),Genetic effects.P G,4.80 × 10 -1,s13024-023-00633-4_table_2.csv
8,30963282,rs117523305,C/G (0.016),Genetic effects.β G (SE),0.028 (0.039),Genetic effects.P G × Age,7.03 × 10 -1,s13024-023-00633-4_table_2.csv
8,30963282,rs117523305,C/G (0.016),Genetic effects.β G (SE),0.028 (0.039),Genetic effects.P Joint,7.11 × 10 -1,s13024-023-00633-4_table_2.csv
8,30963282,rs117523305,C/G (0.016),Genetic effects.β G (SE),-0.041 (0.025),Genetic effects.P G,1.19 × 10 -1,s13024-023-00633-4_table_2.csv
8,30963282,rs117523305,C/G (0.016),Genetic effects.β G (SE),-0.041 (0.025),Genetic effects.P G × Age,9.16 × 10 -5,s13024-023-00633-4_table_2.csv
8,30963282,rs117523305,C/G (0.016),Genetic effects.β G (SE),-0.041 (0.025),Genetic effects.P Joint,1.87 × 10 -4,s13024-023-00633-4_table_2.csv
8,30963282,rs117523305,C/G (0.016),Genetic effects.β G (SE),-0.069 (0.024),Genetic effects.P G,5.27 × 10 -3,s13024-023-00633-4_table_2.csv
8,30963282,rs117523305,C/G (0.016),Genetic effects.β G (SE),-0.069 (0.024),Genetic effects.P G × Age,5.18 × 10 -5,s13024-023-00633-4_table_2.csv
8,30963282,rs117523305,C/G (0.016),Genetic effects.β G (SE),-0.069 (0.024),Genetic effects.P Joint,3.62 × 10 -5,s13024-023-00633-4_table_2.csv
8,30963282,rs117523305,C/G (0.016),Genetic effects.β G (SE),-0.041 (0.044),Genetic effects.P G,3.60 × 10 -1,s13024-023-00633-4_table_2.csv
8,30963282,rs117523305,C/G (0.016),Genetic effects.β G (SE),-0.041 (0.044),Genetic effects.P G × Age,3.34 × 10 -1,s13024-023-00633-4_table_2.csv
8,30963282,rs117523305,C/G (0.016),Genetic effects.β G (SE),-0.041 (0.044),Genetic effects.P Joint,3.88 × 10 -1,s13024-023-00633-4_table_2.csv
11,60173126,rs7232,A/T (0.361),Genetic effects.β G (SE),-0.098 (0.029) 0.012 (0.006),Genetic effects.P G,7.87 × 10 -4 3.46 × 10 -2,s13024-023-00633-4_table_2.csv
11,60173126,rs7232,A/T (0.361),Genetic effects.β G (SE),-0.098 (0.029) 0.012 (0.006),Genetic effects.P G × Age,1.41 × 10 -8 2.90 × 10 -3,s13024-023-00633-4_table_2.csv
11,60173126,rs7232,A/T (0.361),Genetic effects.β G (SE),-0.098 (0.029) 0.012 (0.006),Genetic effects.P Joint,1.73 × 10 -8 2.38 × 10 -3,s13024-023-00633-4_table_2.csv
11,60173126,rs7232,A/T (0.361),Genetic effects.β G (SE),0.021 (0.010),Genetic effects.P G,3.46 × 10 -2,s13024-023-00633-4_table_2.csv
11,60173126,rs7232,A/T (0.361),Genetic effects.β G (SE),0.021 (0.010),Genetic effects.P G × Age,8.60 × 10 -1,s13024-023-00633-4_table_2.csv
11,60173126,rs7232,A/T (0.361),Genetic effects.β G (SE),0.021 (0.010),Genetic effects.P Joint,1.06 × 10 -1,s13024-023-00633-4_table_2.csv
11,60173126,rs7232,A/T (0.361),Genetic effects.β G (SE),0.009 (0.007),Genetic effects.P G,2.07 × 10 -1,s13024-023-00633-4_table_2.csv
11,60173126,rs7232,A/T (0.361),Genetic effects.β G (SE),0.009 (0.007),Genetic effects.P G × Age,6.28 × 10 -4,s13024-023-00633-4_table_2.csv
11,60173126,rs7232,A/T (0.361),Genetic effects.β G (SE),0.009 (0.007),Genetic effects.P Joint,2.09 × 10 -3,s13024-023-00633-4_table_2.csv
11,60173126,rs7232,A/T (0.361),Genetic effects.β G (SE),0.016 (0.006),Genetic effects.P G,6.40 × 10 -3,s13024-023-00633-4_table_2.csv
11,60173126,rs7232,A/T (0.361),Genetic effects.β G (SE),0.016 (0.006),Genetic effects.P G × Age,1.04 × 10 -4,s13024-023-00633-4_table_2.csv
11,60173126,rs7232,A/T (0.361),Genetic effects.β G (SE),0.016 (0.006),Genetic effects.P Joint,3.61 × 10 -5,s13024-023-00633-4_table_2.csv
11,60173126,rs7232,A/T (0.361),Genetic effects.β G (SE),0.045 (0.010),Genetic effects.P G,1.40 × 10 -5,s13024-023-00633-4_table_2.csv
11,60173126,rs7232,A/T (0.361),Genetic effects.β G (SE),0.045 (0.010),Genetic effects.P G × Age,4.91 × 10 -2,s13024-023-00633-4_table_2.csv
11,60173126,rs7232,A/T (0.361),Genetic effects.β G (SE),0.045 (0.010),Genetic effects.P Joint,1.55 × 10 -5,s13024-023-00633-4_table_2.csv
11,60173126,rs7232,A/T (0.361),Genetic effects.β G (SE),0.003 (0.007),Genetic effects.P G,6.38 × 10 -1,s13024-023-00633-4_table_2.csv
11,60173126,rs7232,A/T (0.361),Genetic effects.β G (SE),0.003 (0.007),Genetic effects.P G × Age,1.93 × 10 -3,s13024-023-00633-4_table_2.csv
11,60173126,rs7232,A/T (0.361),Genetic effects.β G (SE),0.003 (0.007),Genetic effects.P Joint,6.31 × 10 -3,s13024-023-00633-4_table_2.csv
11,60173126,rs7232,A/T (0.361),Genetic effects.β G (SE),0.027 (0.006),Genetic effects.P G,5.19 × 10 -5,s13024-023-00633-4_table_2.csv
11,60173126,rs7232,A/T (0.361),Genetic effects.β G (SE),0.027 (0.006),Genetic effects.P G × Age,2.60 × 10 -5,s13024-023-00633-4_table_2.csv
11,60173126,rs7232,A/T (0.361),Genetic effects.β G (SE),0.027 (0.006),Genetic effects.P Joint,9.43 × 10 -7,s13024-023-00633-4_table_2.csv
11,60173126,rs7232,A/T (0.361),Genetic effects.β G (SE),0.068 (0.012),Genetic effects.P G,1.25 × 10 -8 -1,s13024-023-00633-4_table_2.csv
11,60173126,rs7232,A/T (0.361),Genetic effects.β G (SE),0.068 (0.012),Genetic effects.P G × Age,2.27 × 10 -1 -4,s13024-023-00633-4_table_2.csv
11,60173126,rs7232,A/T (0.361),Genetic effects.β G (SE),0.068 (0.012),Genetic effects.P Joint,3.97 × 10 -8 -3,s13024-023-00633-4_table_2.csv
11,127595711,rs145012974,A/G (0.014),Genetic effects.β G (SE),-0.040 (0.024),Genetic effects.P G,1.03 × 10 -1,s13024-023-00633-4_table_2.csv
11,127595711,rs145012974,A/G (0.014),Genetic effects.β G (SE),-0.040 (0.024),Genetic effects.P G × Age,4.72 × 10 -3,s13024-023-00633-4_table_2.csv
11,127595711,rs145012974,A/G (0.014),Genetic effects.β G (SE),-0.040 (0.024),Genetic effects.P Joint,7.25 × 10 -3,s13024-023-00633-4_table_2.csv
11,127595711,rs145012974,A/G (0.014),Genetic effects.β G (SE),-0.013 (0.041),Genetic effects.P G,7.53 × 10 -1,s13024-023-00633-4_table_2.csv
11,127595711,rs145012974,A/G (0.014),Genetic effects.β G (SE),-0.013 (0.041),Genetic effects.P G × Age,3.14 × 10 -1,s13024-023-00633-4_table_2.csv
11,127595711,rs145012974,A/G (0.014),Genetic effects.β G (SE),-0.013 (0.041),Genetic effects.P Joint,5.72 × 10 -1,s13024-023-00633-4_table_2.csv
11,127595711,rs145012974,A/G (0.014),Genetic effects.β G (SE),-0.056 (0.030),Genetic effects.P G,6.46 × 10 -2,s13024-023-00633-4_table_2.csv
11,127595711,rs145012974,A/G (0.014),Genetic effects.β G (SE),-0.056 (0.030),Genetic effects.P G × Age,5.11 × 10 -3,s13024-023-00633-4_table_2.csv
11,127595711,rs145012974,A/G (0.014),Genetic effects.β G (SE),-0.056 (0.030),Genetic effects.P Joint,6.48 × 10 -3,s13024-023-00633-4_table_2.csv
11,127595711,rs145012974,A/G (0.014),Genetic effects.β G (SE),-0.029 (0.024),Genetic effects.P G,2.29 × 10 -1,s13024-023-00633-4_table_2.csv
11,127595711,rs145012974,A/G (0.014),Genetic effects.β G (SE),-0.029 (0.024),Genetic effects.P G × Age,7.69 × 10 -9,s13024-023-00633-4_table_2.csv
11,127595711,rs145012974,A/G (0.014),Genetic effects.β G (SE),-0.029 (0.024),Genetic effects.P Joint,3.66 × 10 -8,s13024-023-00633-4_table_2.csv
11,127595711,rs145012974,A/G (0.014),Genetic effects.β G (SE),-0.026 (0.041),Genetic effects.P G,5.31 × 10 -1,s13024-023-00633-4_table_2.csv
11,127595711,rs145012974,A/G (0.014),Genetic effects.β G (SE),-0.026 (0.041),Genetic effects.P G × Age,2.16 × 10 -3,s13024-023-00633-4_table_2.csv
11,127595711,rs145012974,A/G (0.014),Genetic effects.β G (SE),-0.026 (0.041),Genetic effects.P Joint,7.23 × 10 -3,s13024-023-00633-4_table_2.csv
11,127595711,rs145012974,A/G (0.014),Genetic effects.β G (SE),-0.033 (0.029),Genetic effects.P G,2.70 × 10 -1,s13024-023-00633-4_table_2.csv
11,127595711,rs145012974,A/G (0.014),Genetic effects.β G (SE),-0.033 (0.029),Genetic effects.P G × Age,1.00 × 10 -6,s13024-023-00633-4_table_2.csv
11,127595711,rs145012974,A/G (0.014),Genetic effects.β G (SE),-0.033 (0.029),Genetic effects.P Joint,3.29 × 10 -6,s13024-023-00633-4_table_2.csv
11,127595711,rs145012974,A/G (0.014),Genetic effects.β G (SE),-0.052 (0.026),Genetic effects.P G,5.08 × 10 -2,s13024-023-00633-4_table_2.csv
11,127595711,rs145012974,A/G (0.014),Genetic effects.β G (SE),-0.052 (0.026),Genetic effects.P G × Age,2.46 × 10 -3,s13024-023-00633-4_table_2.csv
11,127595711,rs145012974,A/G (0.014),Genetic effects.β G (SE),-0.052 (0.026),Genetic effects.P Joint,3.99 × 10 -3,s13024-023-00633-4_table_2.csv
11,127595711,rs145012974,A/G (0.014),Genetic effects.β G (SE),-0.051 (0.047),Genetic effects.P G,2.87 × 10 -1,s13024-023-00633-4_table_2.csv
11,127595711,rs145012974,A/G (0.014),Genetic effects.β G (SE),-0.051 (0.047),Genetic effects.P G × Age,3.06 × 10 -2,s13024-023-00633-4_table_2.csv
11,127595711,rs145012974,A/G (0.014),Genetic effects.β G (SE),-0.051 (0.047),Genetic effects.P Joint,5.42 × 10 -2,s13024-023-00633-4_table_2.csv
11,127595711,rs145012974,A/G (0.014),Genetic effects.β G (SE),-0.050 (0.032),Genetic effects.P G,1.24 × 10 -1,s13024-023-00633-4_table_2.csv
11,127595711,rs145012974,A/G (0.014),Genetic effects.β G (SE),-0.050 (0.032),Genetic effects.P G × Age,3.00 × 10 -2,s13024-023-00633-4_table_2.csv
11,127595711,rs145012974,A/G (0.014),Genetic effects.β G (SE),-0.050 (0.032),Genetic effects.P Joint,6.31 × 10 -2,s13024-023-00633-4_table_2.csv
17,19806731,rs157405,G/A (0.023),Genetic effects.β G (SE),0.063 (0.018),Genetic effects.P G,8.61 × 10 -4,s13024-023-00633-4_table_2.csv
17,19806731,rs157405,G/A (0.023),Genetic effects.β G (SE),0.063 (0.018),Genetic effects.P G × Age,1.04 × 10 -5,s13024-023-00633-4_table_2.csv
17,19806731,rs157405,G/A (0.023),Genetic effects.β G (SE),0.063 (0.018),Genetic effects.P Joint,1.49 × 10 -6,s13024-023-00633-4_table_2.csv
17,19806731,rs157405,G/A (0.023),Genetic effects.β G (SE),-0.024 (0.032),Genetic effects.P G,4.62 × 10 -1,s13024-023-00633-4_table_2.csv
17,19806731,rs157405,G/A (0.023),Genetic effects.β G (SE),-0.024 (0.032),Genetic effects.P G × Age,4.25 × 10 -1,s13024-023-00633-4_table_2.csv
17,19806731,rs157405,G/A (0.023),Genetic effects.β G (SE),-0.024 (0.032),Genetic effects.P Joint,5.20 × 10 -1,s13024-023-00633-4_table_2.csv
17,19806731,rs157405,G/A (0.023),Genetic effects.β G (SE),0.107 (0.023),Genetic effects.P G,3.21 × 10 -6,s13024-023-00633-4_table_2.csv
17,19806731,rs157405,G/A (0.023),Genetic effects.β G (SE),0.107 (0.023),Genetic effects.P G × Age,7.65 × 10 -7,s13024-023-00633-4_table_2.csv
17,19806731,rs157405,G/A (0.023),Genetic effects.β G (SE),0.107 (0.023),Genetic effects.P Joint,2.19 × 10 -9,s13024-023-00633-4_table_2.csv
17,19806731,rs157405,G/A (0.023),Genetic effects.β G (SE),0.029 (0.018),Genetic effects.P G,1.19 × 10 -1,s13024-023-00633-4_table_2.csv
17,19806731,rs157405,G/A (0.023),Genetic effects.β G (SE),0.029 (0.018),Genetic effects.P G × Age,2.04 × 10 -1,s13024-023-00633-4_table_2.csv
17,19806731,rs157405,G/A (0.023),Genetic effects.β G (SE),0.029 (0.018),Genetic effects.P Joint,1.70 × 10 -1,s13024-023-00633-4_table_2.csv
17,19806731,rs157405,G/A (0.023),Genetic effects.β G (SE),-0.040 (0.033),Genetic effects.P G,2.29 × 10 -1,s13024-023-00633-4_table_2.csv
17,19806731,rs157405,G/A (0.023),Genetic effects.β G (SE),-0.040 (0.033),Genetic effects.P G × Age,4.81 × 10 -1,s13024-023-00633-4_table_2.csv
17,19806731,rs157405,G/A (0.023),Genetic effects.β G (SE),-0.040 (0.033),Genetic effects.P Joint,3.35 × 10 -1,s13024-023-00633-4_table_2.csv
17,19806731,rs157405,G/A (0.023),Genetic effects.β G (SE),0.059 (0.022),Genetic effects.P G,8.39 × 10 -3,s13024-023-00633-4_table_2.csv
17,19806731,rs157405,G/A (0.023),Genetic effects.β G (SE),0.059 (0.022),Genetic effects.P G × Age,2.54 × 10 -1,s13024-023-00633-4_table_2.csv
17,19806731,rs157405,G/A (0.023),Genetic effects.β G (SE),0.059 (0.022),Genetic effects.P Joint,2.21 × 10 -2,s13024-023-00633-4_table_2.csv
17,19806731,rs157405,G/A (0.023),Genetic effects.β G (SE),0.046 (0.020),Genetic effects.P G,2.78 × 10 -2,s13024-023-00633-4_table_2.csv
17,19806731,rs157405,G/A (0.023),Genetic effects.β G (SE),0.046 (0.020),Genetic effects.P G × Age,5.87 × 10 -1,s13024-023-00633-4_table_2.csv
17,19806731,rs157405,G/A (0.023),Genetic effects.β G (SE),0.046 (0.020),Genetic effects.P Joint,8.07 × 10 -2,s13024-023-00633-4_table_2.csv
17,19806731,rs157405,G/A (0.023),Genetic effects.β G (SE),-0.005 (0.038),Genetic effects.P G,9.07 × 10 -1,s13024-023-00633-4_table_2.csv
17,19806731,rs157405,G/A (0.023),Genetic effects.β G (SE),-0.005 (0.038),Genetic effects.P G × Age,5.39 × 10 -1,s13024-023-00633-4_table_2.csv
17,19806731,rs157405,G/A (0.023),Genetic effects.β G (SE),-0.005 (0.038),Genetic effects.P Joint,8.14 × 10 -1,s13024-023-00633-4_table_2.csv
17,19806731,rs157405,G/A (0.023),Genetic effects.β G (SE),0.064 (0.024),Genetic effects.P G,9.43 × 10 -3,s13024-023-00633-4_table_2.csv
17,19806731,rs157405,G/A (0.023),Genetic effects.β G (SE),0.064 (0.024),Genetic effects.P G × Age,6.48 × 10 -1,s13024-023-00633-4_table_2.csv
17,19806731,rs157405,G/A (0.023),Genetic effects.β G (SE),0.064 (0.024),Genetic effects.P Joint,2.71 × 10 -2,s13024-023-00633-4_table_2.csv
17,44352876,rs5848,T/C (0.305),Genetic effects.β G (SE),-0.007 (0.006),Genetic effects.P G,2.53 × 10 -1,s13024-023-00633-4_table_2.csv
17,44352876,rs5848,T/C (0.305),Genetic effects.β G (SE),-0.007 (0.006),Genetic effects.P G × Age,1.32 × 10 -4,s13024-023-00633-4_table_2.csv
17,44352876,rs5848,T/C (0.305),Genetic effects.β G (SE),-0.007 (0.006),Genetic effects.P Joint,5.43 × 10 -4,s13024-023-00633-4_table_2.csv
17,44352876,rs5848,T/C (0.305),Genetic effects.β G (SE),0.003 (0.010),Genetic effects.P G,7.50 × 10 -1,s13024-023-00633-4_table_2.csv
17,44352876,rs5848,T/C (0.305),Genetic effects.β G (SE),0.003 (0.010),Genetic effects.P G × Age,4.56 × 10 -3,s13024-023-00633-4_table_2.csv
17,44352876,rs5848,T/C (0.305),Genetic effects.β G (SE),0.003 (0.010),Genetic effects.P Joint,1.67 × 10 -2,s13024-023-00633-4_table_2.csv
17,44352876,rs5848,T/C (0.305),Genetic effects.β G (SE),-0.012 (0.008),Genetic effects.P G,1.14 × 10 -1,s13024-023-00633-4_table_2.csv
17,44352876,rs5848,T/C (0.305),Genetic effects.β G (SE),-0.012 (0.008),Genetic effects.P G × Age,5.76 × 10 -3,s13024-023-00633-4_table_2.csv
17,44352876,rs5848,T/C (0.305),Genetic effects.β G (SE),-0.012 (0.008),Genetic effects.P Joint,1.15 × 10 -2,s13024-023-00633-4_table_2.csv
17,44352876,rs5848,T/C (0.305),Genetic effects.β G (SE),-0.012 (0.006),Genetic effects.P G,5.99 × 10 -2,s13024-023-00633-4_table_2.csv
17,44352876,rs5848,T/C (0.305),Genetic effects.β G (SE),-0.012 (0.006),Genetic effects.P G × Age,2.86 × 10 -3,s13024-023-00633-4_table_2.csv
17,44352876,rs5848,T/C (0.305),Genetic effects.β G (SE),-0.012 (0.006),Genetic effects.P Joint,3.53 × 10 -3,s13024-023-00633-4_table_2.csv
17,44352876,rs5848,T/C (0.305),Genetic effects.β G (SE),-0.015 (0.011),Genetic effects.P G,1.71 × 10 -1,s13024-023-00633-4_table_2.csv
17,44352876,rs5848,T/C (0.305),Genetic effects.β G (SE),-0.015 (0.011),Genetic effects.P G × Age,4.67 × 10 -1,s13024-023-00633-4_table_2.csv
17,44352876,rs5848,T/C (0.305),Genetic effects.β G (SE),-0.015 (0.011),Genetic effects.P Joint,3.11 × 10 -1,s13024-023-00633-4_table_2.csv
17,44352876,rs5848,T/C (0.305),Genetic effects.β G (SE),-0.011 (0.007),Genetic effects.P G,1.34 × 10 -1,s13024-023-00633-4_table_2.csv
17,44352876,rs5848,T/C (0.305),Genetic effects.β G (SE),-0.011 (0.007),Genetic effects.P G × Age,1.56 × 10 -3,s13024-023-00633-4_table_2.csv
17,44352876,rs5848,T/C (0.305),Genetic effects.β G (SE),-0.011 (0.007),Genetic effects.P Joint,3.43 × 10 -3,s13024-023-00633-4_table_2.csv
17,44352876,rs5848,T/C (0.305),Genetic effects.β G (SE),-0.029 (0.007),Genetic effects.P G,2.19 × 10 -5,s13024-023-00633-4_table_2.csv
17,44352876,rs5848,T/C (0.305),Genetic effects.β G (SE),-0.029 (0.007),Genetic effects.P G × Age,1.07 × 10 -6,s13024-023-00633-4_table_2.csv
17,44352876,rs5848,T/C (0.305),Genetic effects.β G (SE),-0.029 (0.007),Genetic effects.P Joint,4.21 × 10 -8,s13024-023-00633-4_table_2.csv
17,44352876,rs5848,T/C (0.305),Genetic effects.β G (SE),-0.032 (0.012),Genetic effects.P G,9.58 × 10 -3,s13024-023-00633-4_table_2.csv
17,44352876,rs5848,T/C (0.305),Genetic effects.β G (SE),-0.032 (0.012),Genetic effects.P G × Age,3.30 × 10 -3,s13024-023-00633-4_table_2.csv
17,44352876,rs5848,T/C (0.305),Genetic effects.β G (SE),-0.032 (0.012),Genetic effects.P Joint,5.28 × 10 -4,s13024-023-00633-4_table_2.csv
17,44352876,rs5848,T/C (0.305),Genetic effects.β G (SE),-0.028 (0.008),Genetic effects.P G,8.11 × 10 -4,s13024-023-00633-4_table_2.csv
17,44352876,rs5848,T/C (0.305),Genetic effects.β G (SE),-0.028 (0.008),Genetic effects.P G × Age,1.29 × 10 -4,s13024-023-00633-4_table_2.csv
17,44352876,rs5848,T/C (0.305),Genetic effects.β G (SE),-0.028 (0.008),Genetic effects.P Joint,6.50 × 10 -5,s13024-023-00633-4_table_2.csv
19,44908684,rs429358,C/T (0.231),Genetic effects.β G (SE),-0.192 (0.008),Genetic effects.P G,6.75 × 10 -135,s13024-023-00633-4_table_2.csv
19,44908684,rs429358,C/T (0.231),Genetic effects.β G (SE),-0.192 (0.008),Genetic effects.P G × Age,1.26 × 10 -28,s13024-023-00633-4_table_2.csv
19,44908684,rs429358,C/T (0.231),Genetic effects.β G (SE),-0.192 (0.008),Genetic effects.P Joint,8.58 × 10 -145,s13024-023-00633-4_table_2.csv
19,44908684,rs429358,C/T (0.231),Genetic effects.β G (SE),-0.308 (0.011),Genetic effects.P G,5.51 × 10 -166,s13024-023-00633-4_table_2.csv
19,44908684,rs429358,C/T (0.231),Genetic effects.β G (SE),-0.308 (0.011),Genetic effects.P G × Age,1.71 × 10 -19,s13024-023-00633-4_table_2.csv
19,44908684,rs429358,C/T (0.231),Genetic effects.β G (SE),-0.308 (0.011),Genetic effects.P Joint,1.86 × 10 -170,s13024-023-00633-4_table_2.csv
19,44908684,rs429358,C/T (0.231),Genetic effects.β G (SE),-0.089 (0.010),Genetic effects.P G,5.21 × 10 -17,s13024-023-00633-4_table_2.csv
19,44908684,rs429358,C/T (0.231),Genetic effects.β G (SE),-0.089 (0.010),Genetic effects.P G × Age,4.58 × 10 -9,s13024-023-00633-4_table_2.csv
19,44908684,rs429358,C/T (0.231),Genetic effects.β G (SE),-0.089 (0.010),Genetic effects.P Joint,7.05 × 10 -20,s13024-023-00633-4_table_2.csv
19,44908684,rs429358,C/T (0.231),Genetic effects.β G (SE),-0.193 (0.008),Genetic effects.P G,1.81 × 10 -137,s13024-023-00633-4_table_2.csv
19,44908684,rs429358,C/T (0.231),Genetic effects.β G (SE),-0.193 (0.008),Genetic effects.P G × Age,5.99 × 10 -45,s13024-023-00633-4_table_2.csv
19,44908684,rs429358,C/T (0.231),Genetic effects.β G (SE),-0.193 (0.008),Genetic effects.P Joint,2.99 × 10 -158,s13024-023-00633-4_table_2.csv
19,44908684,rs429358,C/T (0.231),Genetic effects.β G (SE),-0.334 (0.011),Genetic effects.P G,7.15 × 10 -187,s13024-023-00633-4_table_2.csv
19,44908684,rs429358,C/T (0.231),Genetic effects.β G (SE),-0.334 (0.011),Genetic effects.P G × Age,2.15 × 10 -46,s13024-023-00633-4_table_2.csv
19,44908684,rs429358,C/T (0.231),Genetic effects.β G (SE),-0.334 (0.011),Genetic effects.P Joint,3.89 × 10 -206,s13024-023-00633-4_table_2.csv
19,44908684,rs429358,C/T (0.231),Genetic effects.β G (SE),-0.079 (0.010),Genetic effects.P G,2.00 × 10 -14,s13024-023-00633-4_table_2.csv
19,44908684,rs429358,C/T (0.231),Genetic effects.β G (SE),-0.079 (0.010),Genetic effects.P G × Age,5.59 × 10 -7,s13024-023-00633-4_table_2.csv
19,44908684,rs429358,C/T (0.231),Genetic effects.β G (SE),-0.079 (0.010),Genetic effects.P Joint,2.52 × 10 -16,s13024-023-00633-4_table_2.csv
19,44908684,rs429358,C/T (0.231),Genetic effects.β G (SE),-0.323 (0.008),Genetic effects.P G,2.16 × 10 -298,s13024-023-00633-4_table_2.csv
19,44908684,rs429358,C/T (0.231),Genetic effects.β G (SE),-0.323 (0.008),Genetic effects.P G × Age,2.19 × 10 -76,s13024-023-00633-4_table_2.csv
19,44908684,rs429358,C/T (0.231),Genetic effects.β G (SE),-0.323 (0.008),Genetic effects.P Joint,7.51 × 10 -321,s13024-023-00633-4_table_2.csv
19,44908684,rs429358,C/T (0.231),Genetic effects.β G (SE),-0.536 (0.013),Genetic effects.P G,2.38 × 10 -359,s13024-023-00633-4_table_2.csv
19,44908684,rs429358,C/T (0.231),Genetic effects.β G (SE),-0.536 (0.013),Genetic effects.P G × Age,8.14 × 10 -38,s13024-023-00633-4_table_2.csv
19,44908684,rs429358,C/T (0.231),Genetic effects.β G (SE),-0.536 (0.013),Genetic effects.P Joint,3.31 × 10 -374,s13024-023-00633-4_table_2.csv
19,44908684,rs429358,C/T (0.231),Genetic effects.β G (SE),-0.168 (0.011),Genetic effects.P G,3.45 × 10 -47,s13024-023-00633-4_table_2.csv
19,44908684,rs429358,C/T (0.231),Genetic effects.β G (SE),-0.168 (0.011),Genetic effects.P G × Age,1.00 × 10 -22,s13024-023-00633-4_table_2.csv
19,44908684,rs429358,C/T (0.231),Genetic effects.β G (SE),-0.168 (0.011),Genetic effects.P Joint,4.04 × 10 -51,s13024-023-00633-4_table_2.csv
19,44908822,rs7412,T/C (0.059),Genetic effects.β G (SE),0.063 (0.011),Genetic effects.P G,2.78 × 10 -8,s13024-023-00633-4_table_2.csv
19,44908822,rs7412,T/C (0.059),Genetic effects.β G (SE),0.063 (0.011),Genetic effects.P G × Age,5.40 × 10 -6,s13024-023-00633-4_table_2.csv
19,44908822,rs7412,T/C (0.059),Genetic effects.β G (SE),0.063 (0.011),Genetic effects.P Joint,8.28 × 10 -11,s13024-023-00633-4_table_2.csv
19,44908822,rs7412,T/C (0.059),Genetic effects.β G (SE),0.180 (0.020),Genetic effects.P G,2.98 × 10 -18,s13024-023-00633-4_table_2.csv
19,44908822,rs7412,T/C (0.059),Genetic effects.β G (SE),0.180 (0.020),Genetic effects.P G × Age,2.73 × 10 -1,s13024-023-00633-4_table_2.csv
19,44908822,rs7412,T/C (0.059),Genetic effects.β G (SE),0.180 (0.020),Genetic effects.P Joint,1.42 × 10 -17,s13024-023-00633-4_table_2.csv
19,44908822,rs7412,T/C (0.059),Genetic effects.β G (SE),0.016 (0.013),Genetic effects.P G,2.39 × 10 -1,s13024-023-00633-4_table_2.csv
19,44908822,rs7412,T/C (0.059),Genetic effects.β G (SE),0.016 (0.013),Genetic effects.P G × Age,6.71 × 10 -5,s13024-023-00633-4_table_2.csv
19,44908822,rs7412,T/C (0.059),Genetic effects.β G (SE),0.016 (0.013),Genetic effects.P Joint,2.88 × 10 -4,s13024-023-00633-4_table_2.csv
19,44908822,rs7412,T/C (0.059),Genetic effects.β G (SE),0.055 (0.011),Genetic effects.P G,9.77 × 10 -7,s13024-023-00633-4_table_2.csv
19,44908822,rs7412,T/C (0.059),Genetic effects.β G (SE),0.055 (0.011),Genetic effects.P G × Age,1.40 × 10 -4,s13024-023-00633-4_table_2.csv
19,44908822,rs7412,T/C (0.059),Genetic effects.β G (SE),0.055 (0.011),Genetic effects.P Joint,2.93 × 10 -8,s13024-023-00633-4_table_2.csv
19,44908822,rs7412,T/C (0.059),Genetic effects.β G (SE),0.194 (0.021),Genetic effects.P G,1.23 × 10 -19,s13024-023-00633-4_table_2.csv
19,44908822,rs7412,T/C (0.059),Genetic effects.β G (SE),0.194 (0.021),Genetic effects.P G × Age,1.95 × 10 -4,s13024-023-00633-4_table_2.csv
19,44908822,rs7412,T/C (0.059),Genetic effects.β G (SE),0.194 (0.021),Genetic effects.P Joint,1.19 × 10 -21,s13024-023-00633-4_table_2.csv
19,44908822,rs7412,T/C (0.059),Genetic effects.β G (SE),0.001 (0.013),Genetic effects.P G,9.51 × 10 -1,s13024-023-00633-4_table_2.csv
19,44908822,rs7412,T/C (0.059),Genetic effects.β G (SE),0.001 (0.013),Genetic effects.P G × Age,2.35 × 10 -1,s13024-023-00633-4_table_2.csv
19,44908822,rs7412,T/C (0.059),Genetic effects.β G (SE),0.001 (0.013),Genetic effects.P Joint,4.67 × 10 -1,s13024-023-00633-4_table_2.csv
19,44908822,rs7412,T/C (0.059),Genetic effects.β G (SE),0.105 (0.012),Genetic effects.P G,9.64 × 10 -17,s13024-023-00633-4_table_2.csv
19,44908822,rs7412,T/C (0.059),Genetic effects.β G (SE),0.105 (0.012),Genetic effects.P G × Age,1.11 × 10 -9,s13024-023-00633-4_table_2.csv
19,44908822,rs7412,T/C (0.059),Genetic effects.β G (SE),0.105 (0.012),Genetic effects.P Joint,1.11 × 10 -19,s13024-023-00633-4_table_2.csv
19,44908822,rs7412,T/C (0.059),Genetic effects.β G (SE),0.302 (0.025),Genetic effects.P G,5.81 × 10 -34,s13024-023-00633-4_table_2.csv
19,44908822,rs7412,T/C (0.059),Genetic effects.β G (SE),0.302 (0.025),Genetic effects.P G × Age,2.09 × 10 -2,s13024-023-00633-4_table_2.csv
19,44908822,rs7412,T/C (0.059),Genetic effects.β G (SE),0.302 (0.025),Genetic effects.P Joint,1.18 × 10 -34,s13024-023-00633-4_table_2.csv
19,44908822,rs7412,T/C (0.059),Genetic effects.β G (SE),0.040 (0.015),Genetic effects.P G,6.93 × 10 -3,s13024-023-00633-4_table_2.csv
19,44908822,rs7412,T/C (0.059),Genetic effects.β G (SE),0.040 (0.015),Genetic effects.P G × Age,9.90 × 10 -5,s13024-023-00633-4_table_2.csv
19,44908822,rs7412,T/C (0.059),Genetic effects.β G (SE),0.040 (0.015),Genetic effects.P Joint,1.73 × 10 -4,s13024-023-00633-4_table_2.csv
1,207573951,rs1752684,A/G (0.198),Genetic effects.β G × Age (SE),-0.002 (0.001),Genetic effects.P G,1.53 × 10 -4,s13024-023-00633-4_table_2.csv
1,207573951,rs1752684,A/G (0.198),Genetic effects.β G × Age (SE),-0.002 (0.001),Genetic effects.P G × Age,6.05 × 10 -3,s13024-023-00633-4_table_2.csv
1,207573951,rs1752684,A/G (0.198),Genetic effects.β G × Age (SE),-0.002 (0.001),Genetic effects.P Joint,5.05 × 10 -5,s13024-023-00633-4_table_2.csv
1,207573951,rs1752684,A/G (0.198),Genetic effects.β G × Age (SE),-0.002 (0.001),Genetic effects.P G,5.91 × 10 -4,s13024-023-00633-4_table_2.csv
1,207573951,rs1752684,A/G (0.198),Genetic effects.β G × Age (SE),-0.002 (0.001),Genetic effects.P G × Age,7.52 × 10 -2,s13024-023-00633-4_table_2.csv
1,207573951,rs1752684,A/G (0.198),Genetic effects.β G × Age (SE),-0.002 (0.001),Genetic effects.P Joint,6.88 × 10 -4,s13024-023-00633-4_table_2.csv
1,207573951,rs1752684,A/G (0.198),Genetic effects.β G × Age (SE),-0.002 (0.001),Genetic effects.P G,2.98 × 10 -2,s13024-023-00633-4_table_2.csv
1,207573951,rs1752684,A/G (0.198),Genetic effects.β G × Age (SE),-0.002 (0.001),Genetic effects.P G × Age,4.90 × 10 -2,s13024-023-00633-4_table_2.csv
1,207573951,rs1752684,A/G (0.198),Genetic effects.β G × Age (SE),-0.002 (0.001),Genetic effects.P Joint,2.40 × 10 -2,s13024-023-00633-4_table_2.csv
1,207573951,rs1752684,A/G (0.198),Genetic effects.β G × Age (SE),-0.001 (0.001),Genetic effects.P G,3.90 × 10 -4,s13024-023-00633-4_table_2.csv
1,207573951,rs1752684,A/G (0.198),Genetic effects.β G × Age (SE),-0.001 (0.001),Genetic effects.P G × Age,6.84 × 10 -2,s13024-023-00633-4_table_2.csv
1,207573951,rs1752684,A/G (0.198),Genetic effects.β G × Age (SE),-0.001 (0.001),Genetic effects.P Joint,6.25 × 10 -4,s13024-023-00633-4_table_2.csv
1,207573951,rs1752684,A/G (0.198),Genetic effects.β G × Age (SE),-0.002 (0.001),Genetic effects.P G,1.26 × 10 -5,s13024-023-00633-4_table_2.csv
1,207573951,rs1752684,A/G (0.198),Genetic effects.β G × Age (SE),-0.002 (0.001),Genetic effects.P G × Age,5.07 × 10 -2,s13024-023-00633-4_table_2.csv
1,207573951,rs1752684,A/G (0.198),Genetic effects.β G × Age (SE),-0.002 (0.001),Genetic effects.P Joint,1.63 × 10 -5,s13024-023-00633-4_table_2.csv
1,207573951,rs1752684,A/G (0.198),Genetic effects.β G × Age (SE),-0.001 (0.001),Genetic effects.P G,2.14 × 10 -1,s13024-023-00633-4_table_2.csv
1,207573951,rs1752684,A/G (0.198),Genetic effects.β G × Age (SE),-0.001 (0.001),Genetic effects.P G × Age,5.59 × 10 -1,s13024-023-00633-4_table_2.csv
1,207573951,rs1752684,A/G (0.198),Genetic effects.β G × Age (SE),-0.001 (0.001),Genetic effects.P Joint,4.20 × 10 -1,s13024-023-00633-4_table_2.csv
1,207573951,rs1752684,A/G (0.198),Genetic effects.β G × Age (SE),-0.002 (0.001),Genetic effects.P G,1.75 × 10 -7,s13024-023-00633-4_table_2.csv
1,207573951,rs1752684,A/G (0.198),Genetic effects.β G × Age (SE),-0.002 (0.001),Genetic effects.P G × Age,1.83 × 10 -2,s13024-023-00633-4_table_2.csv
1,207573951,rs1752684,A/G (0.198),Genetic effects.β G × Age (SE),-0.002 (0.001),Genetic effects.P Joint,4.42 × 10 -7,s13024-023-00633-4_table_2.csv
1,207573951,rs1752684,A/G (0.198),Genetic effects.β G × Age (SE),-0.004 (0.001),Genetic effects.P G,2.44 × 10 -8,s13024-023-00633-4_table_2.csv
1,207573951,rs1752684,A/G (0.198),Genetic effects.β G × Age (SE),-0.004 (0.001),Genetic effects.P G × Age,1.05 × 10 -2,s13024-023-00633-4_table_2.csv
1,207573951,rs1752684,A/G (0.198),Genetic effects.β G × Age (SE),-0.004 (0.001),Genetic effects.P Joint,8.85 × 10 -9,s13024-023-00633-4_table_2.csv
1,207573951,rs1752684,A/G (0.198),Genetic effects.β G × Age (SE),0.000 (0.001),Genetic effects.P G,2.46 × 10 -2,s13024-023-00633-4_table_2.csv
1,207573951,rs1752684,A/G (0.198),Genetic effects.β G × Age (SE),0.000 (0.001),Genetic effects.P G × Age,6.45 × 10 -1,s13024-023-00633-4_table_2.csv
1,207573951,rs1752684,A/G (0.198),Genetic effects.β G × Age (SE),0.000 (0.001),Genetic effects.P Joint,6.88 × 10 -2,s13024-023-00633-4_table_2.csv
2,127135234,rs6733839,T/C (0.403),Genetic effects.β G × Age (SE),0.000 (0.001),Genetic effects.P G,1.25 × 10 -1,s13024-023-00633-4_table_2.csv
2,127135234,rs6733839,T/C (0.403),Genetic effects.β G × Age (SE),0.000 (0.001),Genetic effects.P G × Age,6.54 × 10 -1,s13024-023-00633-4_table_2.csv
2,127135234,rs6733839,T/C (0.403),Genetic effects.β G × Age (SE),0.000 (0.001),Genetic effects.P Joint,2.92 × 10 -1,s13024-023-00633-4_table_2.csv
2,127135234,rs6733839,T/C (0.403),Genetic effects.β G × Age (SE),0.000 (0.001),Genetic effects.P G,1.77 × 10 -2,s13024-023-00633-4_table_2.csv
2,127135234,rs6733839,T/C (0.403),Genetic effects.β G × Age (SE),0.000 (0.001),Genetic effects.P G × Age,6.84 × 10 -1,s13024-023-00633-4_table_2.csv
2,127135234,rs6733839,T/C (0.403),Genetic effects.β G × Age (SE),0.000 (0.001),Genetic effects.P Joint,5.58 × 10 -2,s13024-023-00633-4_table_2.csv
2,127135234,rs6733839,T/C (0.403),Genetic effects.β G × Age (SE),0.000 (0.001),Genetic effects.P G,8.70 × 10 -1,s13024-023-00633-4_table_2.csv
2,127135234,rs6733839,T/C (0.403),Genetic effects.β G × Age (SE),0.000 (0.001),Genetic effects.P G × Age,9.27 × 10 -1,s13024-023-00633-4_table_2.csv
2,127135234,rs6733839,T/C (0.403),Genetic effects.β G × Age (SE),0.000 (0.001),Genetic effects.P Joint,9.84 × 10 -1,s13024-023-00633-4_table_2.csv
2,127135234,rs6733839,T/C (0.403),Genetic effects.β G × Age (SE),-0.002 (0.001),Genetic effects.P G,6.90 × 10 -8,s13024-023-00633-4_table_2.csv
2,127135234,rs6733839,T/C (0.403),Genetic effects.β G × Age (SE),-0.002 (0.001),Genetic effects.P G × Age,3.62 × 10 -3,s13024-023-00633-4_table_2.csv
2,127135234,rs6733839,T/C (0.403),Genetic effects.β G × Age (SE),-0.002 (0.001),Genetic effects.P Joint,2.70 × 10 -8,s13024-023-00633-4_table_2.csv
2,127135234,rs6733839,T/C (0.403),Genetic effects.β G × Age (SE),-0.001 (0.001),Genetic effects.P G,4.23 × 10 -10,s13024-023-00633-4_table_2.csv
2,127135234,rs6733839,T/C (0.403),Genetic effects.β G × Age (SE),-0.001 (0.001),Genetic effects.P G × Age,2.09 × 10 -1,s13024-023-00633-4_table_2.csv
2,127135234,rs6733839,T/C (0.403),Genetic effects.β G × Age (SE),-0.001 (0.001),Genetic effects.P Joint,1.98 × 10 -9,s13024-023-00633-4_table_2.csv
2,127135234,rs6733839,T/C (0.403),Genetic effects.β G × Age (SE),-0.002 (0.001),Genetic effects.P G,1.68 × 10 -2,s13024-023-00633-4_table_2.csv
2,127135234,rs6733839,T/C (0.403),Genetic effects.β G × Age (SE),-0.002 (0.001),Genetic effects.P G × Age,1.70 × 10 -2,s13024-023-00633-4_table_2.csv
2,127135234,rs6733839,T/C (0.403),Genetic effects.β G × Age (SE),-0.002 (0.001),Genetic effects.P Joint,6.57 × 10 -3,s13024-023-00633-4_table_2.csv
2,127135234,rs6733839,T/C (0.403),Genetic effects.β G × Age (SE),-0.002 (0.001),Genetic effects.P G,2.20 × 10 -9,s13024-023-00633-4_table_2.csv
2,127135234,rs6733839,T/C (0.403),Genetic effects.β G × Age (SE),-0.002 (0.001),Genetic effects.P G × Age,1.62 × 10 -3,s13024-023-00633-4_table_2.csv
2,127135234,rs6733839,T/C (0.403),Genetic effects.β G × Age (SE),-0.002 (0.001),Genetic effects.P Joint,2.37 × 10 -9,s13024-023-00633-4_table_2.csv
2,127135234,rs6733839,T/C (0.403),Genetic effects.β G × Age (SE),-0.001 (0.001),Genetic effects.P G,5.23 × 10 -9,s13024-023-00633-4_table_2.csv
2,127135234,rs6733839,T/C (0.403),Genetic effects.β G × Age (SE),-0.001 (0.001),Genetic effects.P G × Age,2.08 × 10 -1,s13024-023-00633-4_table_2.csv
2,127135234,rs6733839,T/C (0.403),Genetic effects.β G × Age (SE),-0.001 (0.001),Genetic effects.P Joint,1.60 × 10 -8,s13024-023-00633-4_table_2.csv
2,127135234,rs6733839,T/C (0.403),Genetic effects.β G × Age (SE),-0.002 (0.001),Genetic effects.P G,5.71 × 10 -4,s13024-023-00633-4_table_2.csv
2,127135234,rs6733839,T/C (0.403),Genetic effects.β G × Age (SE),-0.002 (0.001),Genetic effects.P G × Age,1.69 × 10 -2,s13024-023-00633-4_table_2.csv
2,127135234,rs6733839,T/C (0.403),Genetic effects.β G × Age (SE),-0.002 (0.001),Genetic effects.P Joint,1.11 × 10 -3,s13024-023-00633-4_table_2.csv
7,91069758,rs705353,G/A (0.252),Genetic effects.β G × Age (SE),-0.002 (0.001),Genetic effects.P G,6.40 × 10 -1,s13024-023-00633-4_table_2.csv
7,91069758,rs705353,G/A (0.252),Genetic effects.β G × Age (SE),-0.002 (0.001),Genetic effects.P G × Age,1.53 × 10 -3,s13024-023-00633-4_table_2.csv
7,91069758,rs705353,G/A (0.252),Genetic effects.β G × Age (SE),-0.002 (0.001),Genetic effects.P Joint,4.58 × 10 -3,s13024-023-00633-4_table_2.csv
7,91069758,rs705353,G/A (0.252),Genetic effects.β G × Age (SE),-0.005 (0.001),Genetic effects.P G,9.75 × 10 -1,s13024-023-00633-4_table_2.csv
7,91069758,rs705353,G/A (0.252),Genetic effects.β G × Age (SE),-0.005 (0.001),Genetic effects.P G × Age,2.03 × 10 -5,s13024-023-00633-4_table_2.csv
7,91069758,rs705353,G/A (0.252),Genetic effects.β G × Age (SE),-0.005 (0.001),Genetic effects.P Joint,1.12 × 10 -4,s13024-023-00633-4_table_2.csv
7,91069758,rs705353,G/A (0.252),Genetic effects.β G × Age (SE),-0.001 (0.001),Genetic effects.P G,4.20 × 10 -1,s13024-023-00633-4_table_2.csv
7,91069758,rs705353,G/A (0.252),Genetic effects.β G × Age (SE),-0.001 (0.001),Genetic effects.P G × Age,4.11 × 10 -1,s13024-023-00633-4_table_2.csv
7,91069758,rs705353,G/A (0.252),Genetic effects.β G × Age (SE),-0.001 (0.001),Genetic effects.P Joint,4.43 × 10 -1,s13024-023-00633-4_table_2.csv
7,91069758,rs705353,G/A (0.252),Genetic effects.β G × Age (SE),-0.002 (0.001),Genetic effects.P G,2.68 × 10 -1,s13024-023-00633-4_table_2.csv
7,91069758,rs705353,G/A (0.252),Genetic effects.β G × Age (SE),-0.002 (0.001),Genetic effects.P G × Age,5.14 × 10 -4,s13024-023-00633-4_table_2.csv
7,91069758,rs705353,G/A (0.252),Genetic effects.β G × Age (SE),-0.002 (0.001),Genetic effects.P Joint,5.93 × 10 -4,s13024-023-00633-4_table_2.csv
7,91069758,rs705353,G/A (0.252),Genetic effects.β G × Age (SE),-0.007 (0.001),Genetic effects.P G,7.53 × 10 -1,s13024-023-00633-4_table_2.csv
7,91069758,rs705353,G/A (0.252),Genetic effects.β G × Age (SE),-0.007 (0.001),Genetic effects.P G × Age,2.54 × 10 -9,s13024-023-00633-4_table_2.csv
7,91069758,rs705353,G/A (0.252),Genetic effects.β G × Age (SE),-0.007 (0.001),Genetic effects.P Joint,1.73 × 10 -8,s13024-023-00633-4_table_2.csv
7,91069758,rs705353,G/A (0.252),Genetic effects.β G × Age (SE),0.000 (0.001),Genetic effects.P G,5.28 × 10 -2,s13024-023-00633-4_table_2.csv
7,91069758,rs705353,G/A (0.252),Genetic effects.β G × Age (SE),0.000 (0.001),Genetic effects.P G × Age,8.28 × 10 -1,s13024-023-00633-4_table_2.csv
7,91069758,rs705353,G/A (0.252),Genetic effects.β G × Age (SE),0.000 (0.001),Genetic effects.P Joint,1.41 × 10 -1,s13024-023-00633-4_table_2.csv
7,91069758,rs705353,G/A (0.252),Genetic effects.β G × Age (SE),-0.002 (0.001),Genetic effects.P G,6.95 × 10 -1,s13024-023-00633-4_table_2.csv
7,91069758,rs705353,G/A (0.252),Genetic effects.β G × Age (SE),-0.002 (0.001),Genetic effects.P G × Age,3.03 × 10 -2,s13024-023-00633-4_table_2.csv
7,91069758,rs705353,G/A (0.252),Genetic effects.β G × Age (SE),-0.002 (0.001),Genetic effects.P Joint,8.72 × 10 -2,s13024-023-00633-4_table_2.csv
7,91069758,rs705353,G/A (0.252),Genetic effects.β G × Age (SE),-0.005 (0.001),Genetic effects.P G,5.46 × 10 -1,s13024-023-00633-4_table_2.csv
7,91069758,rs705353,G/A (0.252),Genetic effects.β G × Age (SE),-0.005 (0.001),Genetic effects.P G × Age,1.36 × 10 -4,s13024-023-00633-4_table_2.csv
7,91069758,rs705353,G/A (0.252),Genetic effects.β G × Age (SE),-0.005 (0.001),Genetic effects.P Joint,6.11 × 10 -4,s13024-023-00633-4_table_2.csv
7,91069758,rs705353,G/A (0.252),Genetic effects.β G × Age (SE),0.000 (0.001),Genetic effects.P G,5.93 × 10 -1,s13024-023-00633-4_table_2.csv
7,91069758,rs705353,G/A (0.252),Genetic effects.β G × Age (SE),0.000 (0.001),Genetic effects.P G × Age,9.19 × 10 -1,s13024-023-00633-4_table_2.csv
7,91069758,rs705353,G/A (0.252),Genetic effects.β G × Age (SE),0.000 (0.001),Genetic effects.P Joint,8.59 × 10 -1,s13024-023-00633-4_table_2.csv
8,30963282,rs117523305,C/G (0.016),Genetic effects.β G × Age (SE),-0.006 (0.002),Genetic effects.P G,9.67 × 10 -1,s13024-023-00633-4_table_2.csv
8,30963282,rs117523305,C/G (0.016),Genetic effects.β G × Age (SE),-0.006 (0.002),Genetic effects.P G × Age,5.35 × 10 -3,s13024-023-00633-4_table_2.csv
8,30963282,rs117523305,C/G (0.016),Genetic effects.β G × Age (SE),-0.006 (0.002),Genetic effects.P Joint,2.02 × 10 -2,s13024-023-00633-4_table_2.csv
8,30963282,rs117523305,C/G (0.016),Genetic effects.β G × Age (SE),-0.002 (0.004),Genetic effects.P G,7.42 × 10 -1,s13024-023-00633-4_table_2.csv
8,30963282,rs117523305,C/G (0.016),Genetic effects.β G × Age (SE),-0.002 (0.004),Genetic effects.P G × Age,5.89 × 10 -1,s13024-023-00633-4_table_2.csv
8,30963282,rs117523305,C/G (0.016),Genetic effects.β G × Age (SE),-0.002 (0.004),Genetic effects.P Joint,8.23 × 10 -1,s13024-023-00633-4_table_2.csv
8,30963282,rs117523305,C/G (0.016),Genetic effects.β G × Age (SE),-0.008 (0.003),Genetic effects.P G,9.13 × 10 -1,s13024-023-00633-4_table_2.csv
8,30963282,rs117523305,C/G (0.016),Genetic effects.β G × Age (SE),-0.008 (0.003),Genetic effects.P G × Age,2.65 × 10 -3,s13024-023-00633-4_table_2.csv
8,30963282,rs117523305,C/G (0.016),Genetic effects.β G × Age (SE),-0.008 (0.003),Genetic effects.P Joint,9.18 × 10 -3,s13024-023-00633-4_table_2.csv
8,30963282,rs117523305,C/G (0.016),Genetic effects.β G × Age (SE),-0.008 (0.002),Genetic effects.P G,4.02 × 10 -1,s13024-023-00633-4_table_2.csv
8,30963282,rs117523305,C/G (0.016),Genetic effects.β G × Age (SE),-0.008 (0.002),Genetic effects.P G × Age,8.23 × 10 -4,s13024-023-00633-4_table_2.csv
8,30963282,rs117523305,C/G (0.016),Genetic effects.β G × Age (SE),-0.008 (0.002),Genetic effects.P Joint,3.01 × 10 -3,s13024-023-00633-4_table_2.csv
8,30963282,rs117523305,C/G (0.016),Genetic effects.β G × Age (SE),-0.001 (0.004),Genetic effects.P G,4.80 × 10 -1,s13024-023-00633-4_table_2.csv
8,30963282,rs117523305,C/G (0.016),Genetic effects.β G × Age (SE),-0.001 (0.004),Genetic effects.P G × Age,7.03 × 10 -1,s13024-023-00633-4_table_2.csv
8,30963282,rs117523305,C/G (0.016),Genetic effects.β G × Age (SE),-0.001 (0.004),Genetic effects.P Joint,7.11 × 10 -1,s13024-023-00633-4_table_2.csv
8,30963282,rs117523305,C/G (0.016),Genetic effects.β G × Age (SE),-0.011 (0.003),Genetic effects.P G,1.19 × 10 -1,s13024-023-00633-4_table_2.csv
8,30963282,rs117523305,C/G (0.016),Genetic effects.β G × Age (SE),-0.011 (0.003),Genetic effects.P G × Age,9.16 × 10 -5,s13024-023-00633-4_table_2.csv
8,30963282,rs117523305,C/G (0.016),Genetic effects.β G × Age (SE),-0.011 (0.003),Genetic effects.P Joint,1.87 × 10 -4,s13024-023-00633-4_table_2.csv
8,30963282,rs117523305,C/G (0.016),Genetic effects.β G × Age (SE),-0.010 (0.002),Genetic effects.P G,5.27 × 10 -3,s13024-023-00633-4_table_2.csv
8,30963282,rs117523305,C/G (0.016),Genetic effects.β G × Age (SE),-0.010 (0.002),Genetic effects.P G × Age,5.18 × 10 -5,s13024-023-00633-4_table_2.csv
8,30963282,rs117523305,C/G (0.016),Genetic effects.β G × Age (SE),-0.010 (0.002),Genetic effects.P Joint,3.62 × 10 -5,s13024-023-00633-4_table_2.csv
8,30963282,rs117523305,C/G (0.016),Genetic effects.β G × Age (SE),0.004 (0.004),Genetic effects.P G,3.60 × 10 -1,s13024-023-00633-4_table_2.csv
8,30963282,rs117523305,C/G (0.016),Genetic effects.β G × Age (SE),0.004 (0.004),Genetic effects.P G × Age,3.34 × 10 -1,s13024-023-00633-4_table_2.csv
8,30963282,rs117523305,C/G (0.016),Genetic effects.β G × Age (SE),0.004 (0.004),Genetic effects.P Joint,3.88 × 10 -1,s13024-023-00633-4_table_2.csv
11,60173126,rs7232,A/T (0.361),Genetic effects.β G × Age (SE),-0.018 (0.003) 0.002 (0.001),Genetic effects.P G,7.87 × 10 -4 3.46 × 10 -2,s13024-023-00633-4_table_2.csv
11,60173126,rs7232,A/T (0.361),Genetic effects.β G × Age (SE),-0.018 (0.003) 0.002 (0.001),Genetic effects.P G × Age,1.41 × 10 -8 2.90 × 10 -3,s13024-023-00633-4_table_2.csv
11,60173126,rs7232,A/T (0.361),Genetic effects.β G × Age (SE),-0.018 (0.003) 0.002 (0.001),Genetic effects.P Joint,1.73 × 10 -8 2.38 × 10 -3,s13024-023-00633-4_table_2.csv
11,60173126,rs7232,A/T (0.361),Genetic effects.β G × Age (SE),0.000 (0.001),Genetic effects.P G,3.46 × 10 -2,s13024-023-00633-4_table_2.csv
11,60173126,rs7232,A/T (0.361),Genetic effects.β G × Age (SE),0.000 (0.001),Genetic effects.P G × Age,8.60 × 10 -1,s13024-023-00633-4_table_2.csv
11,60173126,rs7232,A/T (0.361),Genetic effects.β G × Age (SE),0.000 (0.001),Genetic effects.P Joint,1.06 × 10 -1,s13024-023-00633-4_table_2.csv
11,60173126,rs7232,A/T (0.361),Genetic effects.β G × Age (SE),0.002 (0.001),Genetic effects.P G,2.07 × 10 -1,s13024-023-00633-4_table_2.csv
11,60173126,rs7232,A/T (0.361),Genetic effects.β G × Age (SE),0.002 (0.001),Genetic effects.P G × Age,6.28 × 10 -4,s13024-023-00633-4_table_2.csv
11,60173126,rs7232,A/T (0.361),Genetic effects.β G × Age (SE),0.002 (0.001),Genetic effects.P Joint,2.09 × 10 -3,s13024-023-00633-4_table_2.csv
11,60173126,rs7232,A/T (0.361),Genetic effects.β G × Age (SE),0.002 (0.001),Genetic effects.P G,6.40 × 10 -3,s13024-023-00633-4_table_2.csv
11,60173126,rs7232,A/T (0.361),Genetic effects.β G × Age (SE),0.002 (0.001),Genetic effects.P G × Age,1.04 × 10 -4,s13024-023-00633-4_table_2.csv
11,60173126,rs7232,A/T (0.361),Genetic effects.β G × Age (SE),0.002 (0.001),Genetic effects.P Joint,3.61 × 10 -5,s13024-023-00633-4_table_2.csv
11,60173126,rs7232,A/T (0.361),Genetic effects.β G × Age (SE),0.002 (0.001),Genetic effects.P G,1.40 × 10 -5,s13024-023-00633-4_table_2.csv
11,60173126,rs7232,A/T (0.361),Genetic effects.β G × Age (SE),0.002 (0.001),Genetic effects.P G × Age,4.91 × 10 -2,s13024-023-00633-4_table_2.csv
11,60173126,rs7232,A/T (0.361),Genetic effects.β G × Age (SE),0.002 (0.001),Genetic effects.P Joint,1.55 × 10 -5,s13024-023-00633-4_table_2.csv
11,60173126,rs7232,A/T (0.361),Genetic effects.β G × Age (SE),0.002 (0.001),Genetic effects.P G,6.38 × 10 -1,s13024-023-00633-4_table_2.csv
11,60173126,rs7232,A/T (0.361),Genetic effects.β G × Age (SE),0.002 (0.001),Genetic effects.P G × Age,1.93 × 10 -3,s13024-023-00633-4_table_2.csv
11,60173126,rs7232,A/T (0.361),Genetic effects.β G × Age (SE),0.002 (0.001),Genetic effects.P Joint,6.31 × 10 -3,s13024-023-00633-4_table_2.csv
11,60173126,rs7232,A/T (0.361),Genetic effects.β G × Age (SE),0.003 (0.001),Genetic effects.P G,5.19 × 10 -5,s13024-023-00633-4_table_2.csv
11,60173126,rs7232,A/T (0.361),Genetic effects.β G × Age (SE),0.003 (0.001),Genetic effects.P G × Age,2.60 × 10 -5,s13024-023-00633-4_table_2.csv
11,60173126,rs7232,A/T (0.361),Genetic effects.β G × Age (SE),0.003 (0.001),Genetic effects.P Joint,9.43 × 10 -7,s13024-023-00633-4_table_2.csv
11,60173126,rs7232,A/T (0.361),Genetic effects.β G × Age (SE),0.001 (0.001),Genetic effects.P G,1.25 × 10 -8 -1,s13024-023-00633-4_table_2.csv
11,60173126,rs7232,A/T (0.361),Genetic effects.β G × Age (SE),0.001 (0.001),Genetic effects.P G × Age,2.27 × 10 -1 -4,s13024-023-00633-4_table_2.csv
11,60173126,rs7232,A/T (0.361),Genetic effects.β G × Age (SE),0.001 (0.001),Genetic effects.P Joint,3.97 × 10 -8 -3,s13024-023-00633-4_table_2.csv
11,127595711,rs145012974,A/G (0.014),Genetic effects.β G × Age (SE),-0.007 (0.002),Genetic effects.P G,1.03 × 10 -1,s13024-023-00633-4_table_2.csv
11,127595711,rs145012974,A/G (0.014),Genetic effects.β G × Age (SE),-0.007 (0.002),Genetic effects.P G × Age,4.72 × 10 -3,s13024-023-00633-4_table_2.csv
11,127595711,rs145012974,A/G (0.014),Genetic effects.β G × Age (SE),-0.007 (0.002),Genetic effects.P Joint,7.25 × 10 -3,s13024-023-00633-4_table_2.csv
11,127595711,rs145012974,A/G (0.014),Genetic effects.β G × Age (SE),-0.004 (0.004),Genetic effects.P G,7.53 × 10 -1,s13024-023-00633-4_table_2.csv
11,127595711,rs145012974,A/G (0.014),Genetic effects.β G × Age (SE),-0.004 (0.004),Genetic effects.P G × Age,3.14 × 10 -1,s13024-023-00633-4_table_2.csv
11,127595711,rs145012974,A/G (0.014),Genetic effects.β G × Age (SE),-0.004 (0.004),Genetic effects.P Joint,5.72 × 10 -1,s13024-023-00633-4_table_2.csv
11,127595711,rs145012974,A/G (0.014),Genetic effects.β G × Age (SE),-0.008 (0.003),Genetic effects.P G,6.46 × 10 -2,s13024-023-00633-4_table_2.csv
11,127595711,rs145012974,A/G (0.014),Genetic effects.β G × Age (SE),-0.008 (0.003),Genetic effects.P G × Age,5.11 × 10 -3,s13024-023-00633-4_table_2.csv
11,127595711,rs145012974,A/G (0.014),Genetic effects.β G × Age (SE),-0.008 (0.003),Genetic effects.P Joint,6.48 × 10 -3,s13024-023-00633-4_table_2.csv
11,127595711,rs145012974,A/G (0.014),Genetic effects.β G × Age (SE),-0.014 (0.002),Genetic effects.P G,2.29 × 10 -1,s13024-023-00633-4_table_2.csv
11,127595711,rs145012974,A/G (0.014),Genetic effects.β G × Age (SE),-0.014 (0.002),Genetic effects.P G × Age,7.69 × 10 -9,s13024-023-00633-4_table_2.csv
11,127595711,rs145012974,A/G (0.014),Genetic effects.β G × Age (SE),-0.014 (0.002),Genetic effects.P Joint,3.66 × 10 -8,s13024-023-00633-4_table_2.csv
11,127595711,rs145012974,A/G (0.014),Genetic effects.β G × Age (SE),-0.012 (0.004),Genetic effects.P G,5.31 × 10 -1,s13024-023-00633-4_table_2.csv
11,127595711,rs145012974,A/G (0.014),Genetic effects.β G × Age (SE),-0.012 (0.004),Genetic effects.P G × Age,2.16 × 10 -3,s13024-023-00633-4_table_2.csv
11,127595711,rs145012974,A/G (0.014),Genetic effects.β G × Age (SE),-0.012 (0.004),Genetic effects.P Joint,7.23 × 10 -3,s13024-023-00633-4_table_2.csv
11,127595711,rs145012974,A/G (0.014),Genetic effects.β G × Age (SE),-0.016 (0.003),Genetic effects.P G,2.70 × 10 -1,s13024-023-00633-4_table_2.csv
11,127595711,rs145012974,A/G (0.014),Genetic effects.β G × Age (SE),-0.016 (0.003),Genetic effects.P G × Age,1.00 × 10 -6,s13024-023-00633-4_table_2.csv
11,127595711,rs145012974,A/G (0.014),Genetic effects.β G × Age (SE),-0.016 (0.003),Genetic effects.P Joint,3.29 × 10 -6,s13024-023-00633-4_table_2.csv
11,127595711,rs145012974,A/G (0.014),Genetic effects.β G × Age (SE),-0.008 (0.003),Genetic effects.P G,5.08 × 10 -2,s13024-023-00633-4_table_2.csv
11,127595711,rs145012974,A/G (0.014),Genetic effects.β G × Age (SE),-0.008 (0.003),Genetic effects.P G × Age,2.46 × 10 -3,s13024-023-00633-4_table_2.csv
11,127595711,rs145012974,A/G (0.014),Genetic effects.β G × Age (SE),-0.008 (0.003),Genetic effects.P Joint,3.99 × 10 -3,s13024-023-00633-4_table_2.csv
11,127595711,rs145012974,A/G (0.014),Genetic effects.β G × Age (SE),-0.010 (0.005),Genetic effects.P G,2.87 × 10 -1,s13024-023-00633-4_table_2.csv
11,127595711,rs145012974,A/G (0.014),Genetic effects.β G × Age (SE),-0.010 (0.005),Genetic effects.P G × Age,3.06 × 10 -2,s13024-023-00633-4_table_2.csv
11,127595711,rs145012974,A/G (0.014),Genetic effects.β G × Age (SE),-0.010 (0.005),Genetic effects.P Joint,5.42 × 10 -2,s13024-023-00633-4_table_2.csv
11,127595711,rs145012974,A/G (0.014),Genetic effects.β G × Age (SE),-0.007 (0.003),Genetic effects.P G,1.24 × 10 -1,s13024-023-00633-4_table_2.csv
11,127595711,rs145012974,A/G (0.014),Genetic effects.β G × Age (SE),-0.007 (0.003),Genetic effects.P G × Age,3.00 × 10 -2,s13024-023-00633-4_table_2.csv
11,127595711,rs145012974,A/G (0.014),Genetic effects.β G × Age (SE),-0.007 (0.003),Genetic effects.P Joint,6.31 × 10 -2,s13024-023-00633-4_table_2.csv
17,19806731,rs157405,G/A (0.023),Genetic effects.β G × Age (SE),0.008 (0.002),Genetic effects.P G,8.61 × 10 -4,s13024-023-00633-4_table_2.csv
17,19806731,rs157405,G/A (0.023),Genetic effects.β G × Age (SE),0.008 (0.002),Genetic effects.P G × Age,1.04 × 10 -5,s13024-023-00633-4_table_2.csv
17,19806731,rs157405,G/A (0.023),Genetic effects.β G × Age (SE),0.008 (0.002),Genetic effects.P Joint,1.49 × 10 -6,s13024-023-00633-4_table_2.csv
17,19806731,rs157405,G/A (0.023),Genetic effects.β G × Age (SE),0.002 (0.003),Genetic effects.P G,4.62 × 10 -1,s13024-023-00633-4_table_2.csv
17,19806731,rs157405,G/A (0.023),Genetic effects.β G × Age (SE),0.002 (0.003),Genetic effects.P G × Age,4.25 × 10 -1,s13024-023-00633-4_table_2.csv
17,19806731,rs157405,G/A (0.023),Genetic effects.β G × Age (SE),0.002 (0.003),Genetic effects.P Joint,5.20 × 10 -1,s13024-023-00633-4_table_2.csv
17,19806731,rs157405,G/A (0.023),Genetic effects.β G × Age (SE),0.011 (0.002),Genetic effects.P G,3.21 × 10 -6,s13024-023-00633-4_table_2.csv
17,19806731,rs157405,G/A (0.023),Genetic effects.β G × Age (SE),0.011 (0.002),Genetic effects.P G × Age,7.65 × 10 -7,s13024-023-00633-4_table_2.csv
17,19806731,rs157405,G/A (0.023),Genetic effects.β G × Age (SE),0.011 (0.002),Genetic effects.P Joint,2.19 × 10 -9,s13024-023-00633-4_table_2.csv
17,19806731,rs157405,G/A (0.023),Genetic effects.β G × Age (SE),0.002 (0.002),Genetic effects.P G,1.19 × 10 -1,s13024-023-00633-4_table_2.csv
17,19806731,rs157405,G/A (0.023),Genetic effects.β G × Age (SE),0.002 (0.002),Genetic effects.P G × Age,2.04 × 10 -1,s13024-023-00633-4_table_2.csv
17,19806731,rs157405,G/A (0.023),Genetic effects.β G × Age (SE),0.002 (0.002),Genetic effects.P Joint,1.70 × 10 -1,s13024-023-00633-4_table_2.csv
17,19806731,rs157405,G/A (0.023),Genetic effects.β G × Age (SE),0.002 (0.003),Genetic effects.P G,2.29 × 10 -1,s13024-023-00633-4_table_2.csv
17,19806731,rs157405,G/A (0.023),Genetic effects.β G × Age (SE),0.002 (0.003),Genetic effects.P G × Age,4.81 × 10 -1,s13024-023-00633-4_table_2.csv
17,19806731,rs157405,G/A (0.023),Genetic effects.β G × Age (SE),0.002 (0.003),Genetic effects.P Joint,3.35 × 10 -1,s13024-023-00633-4_table_2.csv
17,19806731,rs157405,G/A (0.023),Genetic effects.β G × Age (SE),0.003 (0.002),Genetic effects.P G,8.39 × 10 -3,s13024-023-00633-4_table_2.csv
17,19806731,rs157405,G/A (0.023),Genetic effects.β G × Age (SE),0.003 (0.002),Genetic effects.P G × Age,2.54 × 10 -1,s13024-023-00633-4_table_2.csv
17,19806731,rs157405,G/A (0.023),Genetic effects.β G × Age (SE),0.003 (0.002),Genetic effects.P Joint,2.21 × 10 -2,s13024-023-00633-4_table_2.csv
17,19806731,rs157405,G/A (0.023),Genetic effects.β G × Age (SE),0.001 (0.002),Genetic effects.P G,2.78 × 10 -2,s13024-023-00633-4_table_2.csv
17,19806731,rs157405,G/A (0.023),Genetic effects.β G × Age (SE),0.001 (0.002),Genetic effects.P G × Age,5.87 × 10 -1,s13024-023-00633-4_table_2.csv
17,19806731,rs157405,G/A (0.023),Genetic effects.β G × Age (SE),0.001 (0.002),Genetic effects.P Joint,8.07 × 10 -2,s13024-023-00633-4_table_2.csv
17,19806731,rs157405,G/A (0.023),Genetic effects.β G × Age (SE),0.002 (0.004),Genetic effects.P G,9.07 × 10 -1,s13024-023-00633-4_table_2.csv
17,19806731,rs157405,G/A (0.023),Genetic effects.β G × Age (SE),0.002 (0.004),Genetic effects.P G × Age,5.39 × 10 -1,s13024-023-00633-4_table_2.csv
17,19806731,rs157405,G/A (0.023),Genetic effects.β G × Age (SE),0.002 (0.004),Genetic effects.P Joint,8.14 × 10 -1,s13024-023-00633-4_table_2.csv
17,19806731,rs157405,G/A (0.023),Genetic effects.β G × Age (SE),0.001 (0.003),Genetic effects.P G,9.43 × 10 -3,s13024-023-00633-4_table_2.csv
17,19806731,rs157405,G/A (0.023),Genetic effects.β G × Age (SE),0.001 (0.003),Genetic effects.P G × Age,6.48 × 10 -1,s13024-023-00633-4_table_2.csv
17,19806731,rs157405,G/A (0.023),Genetic effects.β G × Age (SE),0.001 (0.003),Genetic effects.P Joint,2.71 × 10 -2,s13024-023-00633-4_table_2.csv
17,44352876,rs5848,T/C (0.305),Genetic effects.β G × Age (SE),-0.002 (0.001),Genetic effects.P G,2.53 × 10 -1,s13024-023-00633-4_table_2.csv
17,44352876,rs5848,T/C (0.305),Genetic effects.β G × Age (SE),-0.002 (0.001),Genetic effects.P G × Age,1.32 × 10 -4,s13024-023-00633-4_table_2.csv
17,44352876,rs5848,T/C (0.305),Genetic effects.β G × Age (SE),-0.002 (0.001),Genetic effects.P Joint,5.43 × 10 -4,s13024-023-00633-4_table_2.csv
17,44352876,rs5848,T/C (0.305),Genetic effects.β G × Age (SE),-0.003 (0.001),Genetic effects.P G,7.50 × 10 -1,s13024-023-00633-4_table_2.csv
17,44352876,rs5848,T/C (0.305),Genetic effects.β G × Age (SE),-0.003 (0.001),Genetic effects.P G × Age,4.56 × 10 -3,s13024-023-00633-4_table_2.csv
17,44352876,rs5848,T/C (0.305),Genetic effects.β G × Age (SE),-0.003 (0.001),Genetic effects.P Joint,1.67 × 10 -2,s13024-023-00633-4_table_2.csv
17,44352876,rs5848,T/C (0.305),Genetic effects.β G × Age (SE),-0.002 (0.001),Genetic effects.P G,1.14 × 10 -1,s13024-023-00633-4_table_2.csv
17,44352876,rs5848,T/C (0.305),Genetic effects.β G × Age (SE),-0.002 (0.001),Genetic effects.P G × Age,5.76 × 10 -3,s13024-023-00633-4_table_2.csv
17,44352876,rs5848,T/C (0.305),Genetic effects.β G × Age (SE),-0.002 (0.001),Genetic effects.P Joint,1.15 × 10 -2,s13024-023-00633-4_table_2.csv
17,44352876,rs5848,T/C (0.305),Genetic effects.β G × Age (SE),-0.002 (0.001),Genetic effects.P G,5.99 × 10 -2,s13024-023-00633-4_table_2.csv
17,44352876,rs5848,T/C (0.305),Genetic effects.β G × Age (SE),-0.002 (0.001),Genetic effects.P G × Age,2.86 × 10 -3,s13024-023-00633-4_table_2.csv
17,44352876,rs5848,T/C (0.305),Genetic effects.β G × Age (SE),-0.002 (0.001),Genetic effects.P Joint,3.53 × 10 -3,s13024-023-00633-4_table_2.csv
17,44352876,rs5848,T/C (0.305),Genetic effects.β G × Age (SE),-0.001 (0.001),Genetic effects.P G,1.71 × 10 -1,s13024-023-00633-4_table_2.csv
17,44352876,rs5848,T/C (0.305),Genetic effects.β G × Age (SE),-0.001 (0.001),Genetic effects.P G × Age,4.67 × 10 -1,s13024-023-00633-4_table_2.csv
17,44352876,rs5848,T/C (0.305),Genetic effects.β G × Age (SE),-0.001 (0.001),Genetic effects.P Joint,3.11 × 10 -1,s13024-023-00633-4_table_2.csv
17,44352876,rs5848,T/C (0.305),Genetic effects.β G × Age (SE),-0.003 (0.001),Genetic effects.P G,1.34 × 10 -1,s13024-023-00633-4_table_2.csv
17,44352876,rs5848,T/C (0.305),Genetic effects.β G × Age (SE),-0.003 (0.001),Genetic effects.P G × Age,1.56 × 10 -3,s13024-023-00633-4_table_2.csv
17,44352876,rs5848,T/C (0.305),Genetic effects.β G × Age (SE),-0.003 (0.001),Genetic effects.P Joint,3.43 × 10 -3,s13024-023-00633-4_table_2.csv
17,44352876,rs5848,T/C (0.305),Genetic effects.β G × Age (SE),-0.003 (0.001),Genetic effects.P G,2.19 × 10 -5,s13024-023-00633-4_table_2.csv
17,44352876,rs5848,T/C (0.305),Genetic effects.β G × Age (SE),-0.003 (0.001),Genetic effects.P G × Age,1.07 × 10 -6,s13024-023-00633-4_table_2.csv
17,44352876,rs5848,T/C (0.305),Genetic effects.β G × Age (SE),-0.003 (0.001),Genetic effects.P Joint,4.21 × 10 -8,s13024-023-00633-4_table_2.csv
17,44352876,rs5848,T/C (0.305),Genetic effects.β G × Age (SE),-0.003 (0.001),Genetic effects.P G,9.58 × 10 -3,s13024-023-00633-4_table_2.csv
17,44352876,rs5848,T/C (0.305),Genetic effects.β G × Age (SE),-0.003 (0.001),Genetic effects.P G × Age,3.30 × 10 -3,s13024-023-00633-4_table_2.csv
17,44352876,rs5848,T/C (0.305),Genetic effects.β G × Age (SE),-0.003 (0.001),Genetic effects.P Joint,5.28 × 10 -4,s13024-023-00633-4_table_2.csv
17,44352876,rs5848,T/C (0.305),Genetic effects.β G × Age (SE),-0.003 (0.001),Genetic effects.P G,8.11 × 10 -4,s13024-023-00633-4_table_2.csv
17,44352876,rs5848,T/C (0.305),Genetic effects.β G × Age (SE),-0.003 (0.001),Genetic effects.P G × Age,1.29 × 10 -4,s13024-023-00633-4_table_2.csv
17,44352876,rs5848,T/C (0.305),Genetic effects.β G × Age (SE),-0.003 (0.001),Genetic effects.P Joint,6.50 × 10 -5,s13024-023-00633-4_table_2.csv
19,44908684,rs429358,C/T (0.231),Genetic effects.β G × Age (SE),-0.009 (0.001),Genetic effects.P G,6.75 × 10 -135,s13024-023-00633-4_table_2.csv
19,44908684,rs429358,C/T (0.231),Genetic effects.β G × Age (SE),-0.009 (0.001),Genetic effects.P G × Age,1.26 × 10 -28,s13024-023-00633-4_table_2.csv
19,44908684,rs429358,C/T (0.231),Genetic effects.β G × Age (SE),-0.009 (0.001),Genetic effects.P Joint,8.58 × 10 -145,s13024-023-00633-4_table_2.csv
19,44908684,rs429358,C/T (0.231),Genetic effects.β G × Age (SE),-0.010 (0.001),Genetic effects.P G,5.51 × 10 -166,s13024-023-00633-4_table_2.csv
19,44908684,rs429358,C/T (0.231),Genetic effects.β G × Age (SE),-0.010 (0.001),Genetic effects.P G × Age,1.71 × 10 -19,s13024-023-00633-4_table_2.csv
19,44908684,rs429358,C/T (0.231),Genetic effects.β G × Age (SE),-0.010 (0.001),Genetic effects.P Joint,1.86 × 10 -170,s13024-023-00633-4_table_2.csv
19,44908684,rs429358,C/T (0.231),Genetic effects.β G × Age (SE),-0.006 (0.001),Genetic effects.P G,5.21 × 10 -17,s13024-023-00633-4_table_2.csv
19,44908684,rs429358,C/T (0.231),Genetic effects.β G × Age (SE),-0.006 (0.001),Genetic effects.P G × Age,4.58 × 10 -9,s13024-023-00633-4_table_2.csv
19,44908684,rs429358,C/T (0.231),Genetic effects.β G × Age (SE),-0.006 (0.001),Genetic effects.P Joint,7.05 × 10 -20,s13024-023-00633-4_table_2.csv
19,44908684,rs429358,C/T (0.231),Genetic effects.β G × Age (SE),-0.011 (0.001),Genetic effects.P G,1.81 × 10 -137,s13024-023-00633-4_table_2.csv
19,44908684,rs429358,C/T (0.231),Genetic effects.β G × Age (SE),-0.011 (0.001),Genetic effects.P G × Age,5.99 × 10 -45,s13024-023-00633-4_table_2.csv
19,44908684,rs429358,C/T (0.231),Genetic effects.β G × Age (SE),-0.011 (0.001),Genetic effects.P Joint,2.99 × 10 -158,s13024-023-00633-4_table_2.csv
19,44908684,rs429358,C/T (0.231),Genetic effects.β G × Age (SE),-0.016 (0.001),Genetic effects.P G,7.15 × 10 -187,s13024-023-00633-4_table_2.csv
19,44908684,rs429358,C/T (0.231),Genetic effects.β G × Age (SE),-0.016 (0.001),Genetic effects.P G × Age,2.15 × 10 -46,s13024-023-00633-4_table_2.csv
19,44908684,rs429358,C/T (0.231),Genetic effects.β G × Age (SE),-0.016 (0.001),Genetic effects.P Joint,3.89 × 10 -206,s13024-023-00633-4_table_2.csv
19,44908684,rs429358,C/T (0.231),Genetic effects.β G × Age (SE),-0.006 (0.001),Genetic effects.P G,2.00 × 10 -14,s13024-023-00633-4_table_2.csv
19,44908684,rs429358,C/T (0.231),Genetic effects.β G × Age (SE),-0.006 (0.001),Genetic effects.P G × Age,5.59 × 10 -7,s13024-023-00633-4_table_2.csv
19,44908684,rs429358,C/T (0.231),Genetic effects.β G × Age (SE),-0.006 (0.001),Genetic effects.P Joint,2.52 × 10 -16,s13024-023-00633-4_table_2.csv
19,44908684,rs429358,C/T (0.231),Genetic effects.β G × Age (SE),-0.017 (0.001),Genetic effects.P G,2.16 × 10 -298,s13024-023-00633-4_table_2.csv
19,44908684,rs429358,C/T (0.231),Genetic effects.β G × Age (SE),-0.017 (0.001),Genetic effects.P G × Age,2.19 × 10 -76,s13024-023-00633-4_table_2.csv
19,44908684,rs429358,C/T (0.231),Genetic effects.β G × Age (SE),-0.017 (0.001),Genetic effects.P Joint,7.51 × 10 -321,s13024-023-00633-4_table_2.csv
19,44908684,rs429358,C/T (0.231),Genetic effects.β G × Age (SE),-0.017 (0.001),Genetic effects.P G,2.38 × 10 -359,s13024-023-00633-4_table_2.csv
19,44908684,rs429358,C/T (0.231),Genetic effects.β G × Age (SE),-0.017 (0.001),Genetic effects.P G × Age,8.14 × 10 -38,s13024-023-00633-4_table_2.csv
19,44908684,rs429358,C/T (0.231),Genetic effects.β G × Age (SE),-0.017 (0.001),Genetic effects.P Joint,3.31 × 10 -374,s13024-023-00633-4_table_2.csv
19,44908684,rs429358,C/T (0.231),Genetic effects.β G × Age (SE),-0.012 (0.001),Genetic effects.P G,3.45 × 10 -47,s13024-023-00633-4_table_2.csv
19,44908684,rs429358,C/T (0.231),Genetic effects.β G × Age (SE),-0.012 (0.001),Genetic effects.P G × Age,1.00 × 10 -22,s13024-023-00633-4_table_2.csv
19,44908684,rs429358,C/T (0.231),Genetic effects.β G × Age (SE),-0.012 (0.001),Genetic effects.P Joint,4.04 × 10 -51,s13024-023-00633-4_table_2.csv
19,44908822,rs7412,T/C (0.059),Genetic effects.β G × Age (SE),0.005 (0.001),Genetic effects.P G,2.78 × 10 -8,s13024-023-00633-4_table_2.csv
19,44908822,rs7412,T/C (0.059),Genetic effects.β G × Age (SE),0.005 (0.001),Genetic effects.P G × Age,5.40 × 10 -6,s13024-023-00633-4_table_2.csv
19,44908822,rs7412,T/C (0.059),Genetic effects.β G × Age (SE),0.005 (0.001),Genetic effects.P Joint,8.28 × 10 -11,s13024-023-00633-4_table_2.csv
19,44908822,rs7412,T/C (0.059),Genetic effects.β G × Age (SE),0.002 (0.002),Genetic effects.P G,2.98 × 10 -18,s13024-023-00633-4_table_2.csv
19,44908822,rs7412,T/C (0.059),Genetic effects.β G × Age (SE),0.002 (0.002),Genetic effects.P G × Age,2.73 × 10 -1,s13024-023-00633-4_table_2.csv
19,44908822,rs7412,T/C (0.059),Genetic effects.β G × Age (SE),0.002 (0.002),Genetic effects.P Joint,1.42 × 10 -17,s13024-023-00633-4_table_2.csv
19,44908822,rs7412,T/C (0.059),Genetic effects.β G × Age (SE),0.005 (0.001),Genetic effects.P G,2.39 × 10 -1,s13024-023-00633-4_table_2.csv
19,44908822,rs7412,T/C (0.059),Genetic effects.β G × Age (SE),0.005 (0.001),Genetic effects.P G × Age,6.71 × 10 -5,s13024-023-00633-4_table_2.csv
19,44908822,rs7412,T/C (0.059),Genetic effects.β G × Age (SE),0.005 (0.001),Genetic effects.P Joint,2.88 × 10 -4,s13024-023-00633-4_table_2.csv
19,44908822,rs7412,T/C (0.059),Genetic effects.β G × Age (SE),0.004 (0.001),Genetic effects.P G,9.77 × 10 -7,s13024-023-00633-4_table_2.csv
19,44908822,rs7412,T/C (0.059),Genetic effects.β G × Age (SE),0.004 (0.001),Genetic effects.P G × Age,1.40 × 10 -4,s13024-023-00633-4_table_2.csv
19,44908822,rs7412,T/C (0.059),Genetic effects.β G × Age (SE),0.004 (0.001),Genetic effects.P Joint,2.93 × 10 -8,s13024-023-00633-4_table_2.csv
19,44908822,rs7412,T/C (0.059),Genetic effects.β G × Age (SE),0.007 (0.002),Genetic effects.P G,1.23 × 10 -19,s13024-023-00633-4_table_2.csv
19,44908822,rs7412,T/C (0.059),Genetic effects.β G × Age (SE),0.007 (0.002),Genetic effects.P G × Age,1.95 × 10 -4,s13024-023-00633-4_table_2.csv
19,44908822,rs7412,T/C (0.059),Genetic effects.β G × Age (SE),0.007 (0.002),Genetic effects.P Joint,1.19 × 10 -21,s13024-023-00633-4_table_2.csv
19,44908822,rs7412,T/C (0.059),Genetic effects.β G × Age (SE),0.002 (0.001),Genetic effects.P G,9.51 × 10 -1,s13024-023-00633-4_table_2.csv
19,44908822,rs7412,T/C (0.059),Genetic effects.β G × Age (SE),0.002 (0.001),Genetic effects.P G × Age,2.35 × 10 -1,s13024-023-00633-4_table_2.csv
19,44908822,rs7412,T/C (0.059),Genetic effects.β G × Age (SE),0.002 (0.001),Genetic effects.P Joint,4.67 × 10 -1,s13024-023-00633-4_table_2.csv
19,44908822,rs7412,T/C (0.059),Genetic effects.β G × Age (SE),0.008 (0.001),Genetic effects.P G,9.64 × 10 -17,s13024-023-00633-4_table_2.csv
19,44908822,rs7412,T/C (0.059),Genetic effects.β G × Age (SE),0.008 (0.001),Genetic effects.P G × Age,1.11 × 10 -9,s13024-023-00633-4_table_2.csv
19,44908822,rs7412,T/C (0.059),Genetic effects.β G × Age (SE),0.008 (0.001),Genetic effects.P Joint,1.11 × 10 -19,s13024-023-00633-4_table_2.csv
19,44908822,rs7412,T/C (0.059),Genetic effects.β G × Age (SE),0.005 (0.002),Genetic effects.P G,5.81 × 10 -34,s13024-023-00633-4_table_2.csv
19,44908822,rs7412,T/C (0.059),Genetic effects.β G × Age (SE),0.005 (0.002),Genetic effects.P G × Age,2.09 × 10 -2,s13024-023-00633-4_table_2.csv
19,44908822,rs7412,T/C (0.059),Genetic effects.β G × Age (SE),0.005 (0.002),Genetic effects.P Joint,1.18 × 10 -34,s13024-023-00633-4_table_2.csv
19,44908822,rs7412,T/C (0.059),Genetic effects.β G × Age (SE),0.006 (0.002),Genetic effects.P G,6.93 × 10 -3,s13024-023-00633-4_table_2.csv
19,44908822,rs7412,T/C (0.059),Genetic effects.β G × Age (SE),0.006 (0.002),Genetic effects.P G × Age,9.90 × 10 -5,s13024-023-00633-4_table_2.csv
19,44908822,rs7412,T/C (0.059),Genetic effects.β G × Age (SE),0.006 (0.002),Genetic effects.P Joint,1.73 × 10 -4,s13024-023-00633-4_table_2.csv
